date,year,month,day,rank,team_name,team_name_normalized,conference,games,record,adj_oe,adj_de,barthag,adj_tempo,wab,efg_pct,efg_pct_d,tor,tord,orb,drb,ftr,ftrd,two_p_pct,two_p_pct_d,three_p_pct,three_p_pct_d,three_pr,three_prd
2025-12-11,2025,12,11,1,Michigan,Michigan,B10,9.0,9-0,124.06,88.01,0.98101,73.813,3.71,60.26,40.62,17.3166,17.02,36.06,25.226,35.2189,24.819,65.11,37.91,36.078,29.652,44.388,41.3218
2025-12-11,2025,12,11,2,Duke,Duke,ACC,10.0,10-0,121.713,92.14,0.96122,68.4197,3.62,58.416,40.01,14.645,18.9104,36.256,28.293,41.271,23.08,63.18,39.92,35.593,26.78,47.544,44.0288
2025-12-11,2025,12,11,3,Houston,Houston,B12,10.0,9-1,118.631,90.32,0.95833,63.9357,1.815,51.4162,42.77,15.161,23.01,39.119,31.0183,21.436,37.3211,52.6151,44.622,33.2187,26.78,42.7121,42.0244
2025-12-11,2025,12,11,4,Gonzaga,Gonzaga,WCC,10.0,9-1,122.111,93.26,0.95724,71.55,2.86,57.924,43.412,14.126,21.136,38.028,24.19,27.8324,36.5189,60.026,46.347,35.688,26.811,32.0325,47.0336
2025-12-11,2025,12,11,5,Iowa St.,Iowa St.,B12,9.0,9-0,122.11,93.97,0.95345,70.69,3.03,62.82,48.7103,14.126,26.51,37.536,30.4159,31.8261,27.637,61.216,48.179,43.83,33.0178,36.5241,41.0212
2025-12-11,2025,12,11,6,Connecticut,Connecticut,BE,10.0,9-1,122.58,94.39,0.95306,66.3295,3.04,55.655,42.99,14.126,20.166,32.9128,27.575,32.5255,40.0274,58.342,44.42,34.2143,26.811,37.9212,36.587
2025-12-11,2025,12,11,7,Vanderbilt,Vanderbilt,SEC,9.0,9-0,127.01,98.433,0.94987,71.073,2.49,61.24,46.343,12.63,19.585,33.4113,25.937,35.8173,45.7328,63.76,46.141,38.829,31.198,44.388,40.1196
2025-12-11,2025,12,11,8,Arizona,Arizona,B12,8.0,8-0,121.514,94.611,0.94688,72.133,2.95,58.022,45.127,17.8196,19.196,40.78,27.679,40.484,30.374,58.639,44.016,37.543,31.4108,26.2363,35.258
2025-12-11,2025,12,11,9,Michigan St.,Michigan St.,B10,9.0,8-1,118.034,92.03,0.94639,66.0313,2.41,51.1173,44.617,16.4118,18.5119,40.39,24.211,33.9221,32.712,51.419,46.039,33.7165,28.63,33.3304,45.832
2025-12-11,2025,12,11,10,Purdue,Purdue,B10,10.0,9-1,126.03,98.23,0.94621,66.0312,2.58,57.924,48.291,14.848,15.3288,42.04,27.264,28.4314,19.92,56.461,49.1109,40.311,31.4108,38.221,44.9308
2025-12-11,2025,12,11,11,Illinois,Illinois,B10,10.0,8-2,124.24,97.12,0.944011,68.7183,1.814,55.557,46.854,13.719,12.736,37.831,26.244,35.8173,21.76,59.431,46.141,33.9158,31.9127,45.471,39.5179
2025-12-11,2025,12,11,12,Alabama,Alabama,SEC,9.0,7-2,126.62,99.139,0.943812,74.39,2.112,57.228,47.67,13.09,14.3325,32.7134,30.617,34.2215,32.0109,62.99,48.593,34.8127,30.689,53.27,35.667
2025-12-11,2025,12,11,13,Louisville,Louisville,ACC,9.0,8-1,124.15,97.828,0.939413,71.938,1.619,57.03,43.513,14.44,19.196,35.566,26.244,40.682,31.497,60.621,42.88,36.078,29.758,54.62,41.3218
2025-12-11,2025,12,11,14,St. John's,St. John's,BE,8.0,5-3,121.016,95.813,0.936514,71.742,0.1455,53.698,46.75,17.3166,21.821,39.119,36.432,47.52,31.9108,55.974,46.649,33.0191,31.198,35.626,35.462
2025-12-11,2025,12,11,15,Kansas,Kansas,B12,10.0,7-3,116.651,93.05,0.930815,66.9267,1.42,52.4128,43.01,16.2106,13.3354,29.5223,27.062,38.2125,29.662,53.3133,47.466,34.0153,24.94,37.5218,43.8285
2025-12-11,2025,12,11,16,BYU,BYU,B12,9.0,8-1,122.59,97.725,0.930816,69.017,2.77,55.464,46.75,13.618,17.5171,32.7134,29.6138,30.5279,28.043,57.051,46.347,35.3101,31.5114,39.6188,43.0274
2025-12-11,2025,12,11,17,Florida,Florida,SEC,9.0,5-4,118.432,94.51,0.930817,71.263,0.1654,48.8243,44.719,19.0257,15.1294,42.72,24.418,40.286,38.9248,54.4108,46.245,27.3344,28.023,41.9142,33.838
2025-12-11,2025,12,11,18,Tennessee,Tennessee,SEC,10.0,7-3,119.028,95.412,0.927418,67.9215,0.3747,52.8113,45.023,19.1261,18.0149,45.51,29.7144,35.0198,33.7143,53.3133,45.328,34.6131,29.758,34.7279,43.8285
2025-12-11,2025,12,11,19,Indiana,Indiana,B10,10.0,8-2,120.021,96.717,0.923019,69.5147,0.1853,59.511,44.617,13.82,19.294,28.9237,26.96,37.0152,36.9199,61.513,42.47,38.236,32.616,48.035,33.128
2025-12-11,2025,12,11,20,Arkansas,Arkansas,SEC,9.0,7-2,119.127,96.818,0.91512,71.553,0.734,54.285,45.734,12.86,16.6224,30.9183,29.6138,38.1128,25.526,54.997,48.8101,35.593,27.72,38.6204,43.5279
2025-12-11,2025,12,11,21,North Carolina,North Carolina,ACC,9.0,8-1,117.438,95.914,0.911421,69.6133,1.816,52.9111,41.74,15.681,14.0336,36.553,26.755,41.665,24.414,56.758,40.53,31.7236,29.444,42.0137,33.333
2025-12-11,2025,12,11,22,Virginia,Virginia,ACC,10.0,9-1,123.27,100.756,0.910122,67.8223,1.224,58.022,44.719,15.264,16.3242,41.95,29.8145,41.567,36.2186,56.365,44.218,40.014,30.582,45.766,32.423
2025-12-11,2025,12,11,23,UCLA,UCLA,B10,9.0,7-2,118.829,97.726,0.904023,65.8317,0.2252,54.481,47.468,16.3111,20.649,35.469,32.4221,36.017,31.19,53.5126,47.974,37.446,31.2105,33.7295,42.927
2025-12-11,2025,12,11,24,Iowa,Iowa,B10,9.0,8-1,120.022,98.837,0.903124,64.5349,1.223,59.412,49.5126,15.47,24.15,30.8185,29.4129,48.118,41.6294,60.621,50.4141,38.532,32.1135,40.1182,37.0104
2025-12-11,2025,12,11,25,Georgia,Georgia,SEC,9.0,8-1,119.425,98.736,0.898825,75.93,0.737,56.243,44.214,14.334,21.821,39.615,32.823,39.696,27.941,64.92,43.111,30.8265,30.79,46.557,36.281
2025-12-11,2025,12,11,26,Kentucky,Kentucky,SEC,10.0,6-4,117.737,97.523,0.896926,70.1117,-0.81,55.95,45.231,14.543,15.7266,33.2121,24.72,29.2303,26.33,60.919,45.632,32.9195,29.758,43.4106,41.3218
2025-12-11,2025,12,11,27,Nebraska,Nebraska,B10,10.0,10-0,117.046,97.321,0.893027,70.2109,2.211,57.228,45.127,14.23,18.4126,26.7288,27.575,30.5279,20.63,62.311,46.141,35.0113,29.444,51.61,51.3362
2025-12-11,2025,12,11,28,Saint Mary's,Saint Mary's,WCC,10.0,9-1,115.26,96.516,0.884128,66.5287,1.322,54.383,44.416,18.5232,15.229,38.524,26.96,40.978,25.324,52.4158,44.521,38.73,29.444,33.3304,37.1107
2025-12-11,2025,12,11,29,N.C. State,N.C. State,ACC,10.0,7-3,120.917,101.463,0.883929,71.261,0.0261,58.915,51.2186,14.23,20.555,29.3228,25.632,37.6135,43.9317,58.146,51.6172,40.014,33.8203,43.7101,49.9358
2025-12-11,2025,12,11,30,Ohio St.,Ohio St.,B10,9.0,7-2,119.623,100.453,0.88233,69.8127,0.1158,60.17,47.877,15.786,16.4238,30.9183,26.552,42.654,30.069,64.63,51.2161,36.372,28.528,44.098,40.4199
2025-12-11,2025,12,11,31,Texas Tech,Texas Tech,B12,9.0,7-2,117.047,98.231,0.882231,68.0212,1.125,52.6119,47.98,15.681,17.7162,37.242,28.7106,33.4234,30.879,50.8206,49.6126,36.564,29.444,45.863,31.514
2025-12-11,2025,12,11,32,Clemson,Clemson,ACC,10.0,7-3,117.244,98.535,0.880132,65.6327,0.3149,52.4128,45.127,13.311,15.8261,37.536,26.45,39.2104,34.4154,55.188,48.284,32.6206,27.315,43.3109,42.927
2025-12-11,2025,12,11,33,Miami FL,Miami FL,ACC,10.0,8-2,116.052,97.827,0.876933,71.744,0.639,56.633,45.433,16.9145,21.039,37.831,28.5103,36.3162,33.8145,57.149,43.813,36.955,31.9127,31.4332,40.4199
2025-12-11,2025,12,11,34,Auburn,Auburn,SEC,10.0,7-3,121.812,102.786,0.876934,68.9176,1.421,54.09,50.3153,15.264,18.5119,39.217,33.727,44.738,27.334,56.071,51.2161,33.9158,32.7164,38.6204,41.3218
2025-12-11,2025,12,11,35,USC,USC,B10,10.0,9-1,119.326,101.361,0.868035,71.646,1.913,55.95,47.364,16.814,18.4126,33.511,33.6265,52.81,35.2166,54.3112,49.4116,39.221,29.549,35.626,40.0192
2025-12-11,2025,12,11,36,Wisconsin,Wisconsin,B10,10.0,7-3,117.44,100.452,0.858336,71.072,-0.0362,52.7115,51.9213,14.334,17.3186,32.514,24.312,33.8223,33.3132,55.974,51.1156,33.119,35.3249,51.212,39.8187
2025-12-11,2025,12,11,37,Boise St.,Boise St.,MWC,10.0,7-3,113.278,97.322,0.850137,67.0261,-0.587,49.6216,49.4123,16.814,16.9208,33.6105,22.62,42.555,33.6138,46.1307,51.2161,36.661,30.994,39.5191,36.179
2025-12-11,2025,12,11,38,LSU,LSU,SEC,9.0,8-1,116.848,100.554,0.849638,70.2107,0.638,56.049,46.242,15.368,15.5282,34.094,26.552,44.244,29.458,60.621,43.914,31.6238,33.0178,34.9275,41.0212
2025-12-11,2025,12,11,39,Missouri,Missouri,SEC,10.0,8-2,118.63,102.073,0.849339,69.6139,-0.1572,59.214,48.291,18.7244,18.8108,39.914,27.469,42.359,33.0125,61.812,45.735,36.564,33.921,37.4221,47.9348
2025-12-11,2025,12,11,40,Saint Louis,Saint Louis,A10,9.0,8-1,115.457,99.544,0.84604,73.12,0.641,58.416,42.77,18.9249,17.7162,37.929,25.328,36.017,37.7224,62.41,43.01,35.593,28.124,43.4106,39.2169
2025-12-11,2025,12,11,41,Texas,Texas,SEC,10.0,7-3,119.424,103.093,0.844641,68.6186,-0.5084,55.07,48.085,14.44,14.3325,36.75,24.925,50.21,38.624,57.947,44.723,33.7165,36.3282,38.8197,33.94
2025-12-11,2025,12,11,42,SMU,SMU,ACC,10.0,9-1,115.755,100.047,0.842042,70.975,1.617,53.894,46.546,15.47,19.0101,33.6105,30.617,40.879,34.6157,56.071,49.6126,32.7203,28.427,31.8328,43.7283
2025-12-11,2025,12,11,43,Texas A&M,Texas A&M,SEC,10.0,7-3,116.749,101.159,0.839943,72.231,-0.795,54.776,53.3256,16.1101,21.626,34.782,28.398,44.936,32.3115,54.7101,52.9207,36.564,35.9271,49.422,42.2255
2025-12-11,2025,12,11,44,Santa Clara,Santa Clara,WCC,10.0,8-2,117.045,101.666,0.836644,69.6137,0.4346,52.3137,49.1112,16.6132,20.649,41.46,32.2215,26.1337,42.1302,56.365,51.1156,31.6238,30.475,44.976,37.6129
2025-12-11,2025,12,11,45,Oklahoma St.,Oklahoma St.,B12,9.0,9-0,117.341,101.972,0.834345,74.76,1.618,55.557,48.085,18.0208,17.4178,34.485,27.264,43.347,30.879,59.529,51.5168,32.0226,29.549,34.9275,47.1338
2025-12-11,2025,12,11,46,Baylor,Baylor,B12,9.0,7-2,121.215,105.3132,0.833746,70.689,0.831,54.383,51.3191,15.681,17.1197,41.27,32.6226,39.1106,30.069,55.188,51.8182,35.3101,33.7201,37.1231,34.648
2025-12-11,2025,12,11,47,Villanova,Villanova,BE,9.0,7-2,116.65,101.464,0.832747,64.9342,0.305,55.557,52.2225,16.5125,19.489,40.39,29.3126,28.2319,29.968,56.268,47.87,36.564,39.8352,47.837,37.1107
2025-12-11,2025,12,11,48,Wake Forest,Wake Forest,ACC,10.0,7-3,115.161,100.249,0.831848,70.977,-0.0463,52.5122,48.189,16.3111,22.516,35.961,33.8274,34.0218,39.2257,54.0119,53.021,33.6171,28.326,41.9142,46.1325
2025-12-11,2025,12,11,49,TCU,TCU,B12,9.0,6-3,111.992,97.829,0.825649,69.2162,-0.1471,51.4162,47.98,16.814,22.812,32.3145,28.189,36.9153,31.086,52.1166,48.284,33.5177,31.7119,38.7202,39.7186
2025-12-11,2025,12,11,50,West Virginia,West Virginia,B12,11.0,8-3,110.911,97.019,0.82355,64.9346,-1.2117,52.4128,46.039,15.786,21.332,32.9128,24.19,41.962,28.549,53.5126,41.35,34.0153,36.0273,41.8146,36.91
2025-12-11,2025,12,11,51,San Diego St.,San Diego St.,MWC,8.0,5-3,114.466,100.25,0.820751,69.2159,-0.797,54.975,51.3191,19.6286,21.431,33.0127,33.225,38.1128,35.9181,51.6186,49.4116,40.51,35.6257,35.626,47.3341
2025-12-11,2025,12,11,52,VCU,VCU,A10,10.0,6-4,112.882,98.938,0.819652,70.981,-0.899,52.5122,47.364,17.6185,19.875,35.274,31.5199,46.727,39.2257,52.5154,45.531,35.0113,34.2216,46.26,31.514
2025-12-11,2025,12,11,53,Utah St.,Utah St.,MWC,9.0,8-1,114.464,100.451,0.818853,69.4151,0.833,55.557,47.775,16.7137,23.39,32.514,30.9179,39.0109,41.0286,58.54,46.751,33.7165,32.5152,37.3223,48.1349
2025-12-11,2025,12,11,54,Creighton,Creighton,BE,9.0,5-4,115.359,101.362,0.815354,66.2299,-0.688,52.5122,48.8106,17.9203,14.3325,33.3116,32.823,26.7333,21.04,56.953,48.8101,31.9229,32.5152,48.831,28.84
2025-12-11,2025,12,11,55,Syracuse,Syracuse,ACC,8.0,5-3,113.474,99.746,0.814755,69.2163,0.1159,51.6159,43.211,15.893,21.724,29.223,33.8274,38.013,33.8145,56.953,41.96,29.0308,30.79,39.7187,32.32
2025-12-11,2025,12,11,56,Washington,Washington,B10,9.0,6-3,115.456,102.175,0.805056,67.8218,-0.0868,50.4197,47.67,16.2106,15.1294,39.021,28.293,39.497,37.4216,49.6234,45.735,34.6131,33.8203,33.0309,37.4119
2025-12-11,2025,12,11,57,Oklahoma,Oklahoma,SEC,9.0,6-3,117.935,104.4115,0.802957,67.424,-0.0666,53.796,50.2148,14.024,16.8213,35.371,31.3193,35.4181,29.458,56.953,46.751,33.3182,37.0301,46.852,39.0161
2025-12-11,2025,12,11,58,Butler,Butler,BE,9.0,7-2,115.754,102.481,0.801958,70.978,0.2451,56.537,46.75,17.2157,16.6224,40.211,29.0112,45.334,23.69,55.287,46.751,39.42,31.198,35.0273,30.07
2025-12-11,2025,12,11,59,Akron,Akron,MAC,10.0,8-2,120.52,106.8162,0.801159,72.134,-0.0667,62.23,50.9171,14.334,18.4126,34.485,33.0243,32.725,29.458,61.117,51.8182,42.54,33.2182,44.483,44.9308
2025-12-11,2025,12,11,60,Mississippi,Mississippi,SEC,9.0,5-4,114.069,101.16,0.79866,65.9315,-1.3133,50.8183,47.877,16.5125,19.683,34.485,32.6226,36.2164,37.2207,49.6234,46.855,35.3101,32.9171,35.0273,41.6233
2025-12-11,2025,12,11,61,Memphis,Memphis,Amer,8.0,4-4,111.795,99.341,0.794961,69.8128,-1.2122,49.0238,47.98,18.5232,17.6167,37.536,36.2315,36.1168,40.2277,49.2239,48.076,32.4211,31.8122,35.7256,41.924
2025-12-11,2025,12,11,62,Seton Hall,Seton Hall,BE,10.0,9-1,110.5115,98.434,0.791862,66.23,1.028,50.918,45.936,15.054,23.97,33.6105,30.4159,37.1147,41.9296,50.7212,43.412,34.1147,32.9171,31.633,42.1248
2025-12-11,2025,12,11,63,Virginia Tech,Virginia Tech,ACC,10.0,8-2,114.663,102.074,0.791463,70.211,0.832,52.015,49.312,12.42,18.6114,31.2173,30.7173,33.3237,28.751,52.6151,52.1192,34.0153,30.167,37.5218,40.6205
2025-12-11,2025,12,11,64,Notre Dame,Notre Dame,ACC,11.0,8-3,114.367,101.87,0.790364,66.2302,0.735,55.557,49.2114,17.4175,15.7266,33.1125,24.72,33.8223,34.9162,55.094,48.391,37.543,33.6198,41.2159,42.7266
2025-12-11,2025,12,11,65,Northwestern,Northwestern,B10,9.0,5-4,115.358,102.888,0.789865,67.4243,-0.9105,55.853,47.263,14.334,16.523,31.4165,35.9313,39.89,33.6138,57.051,49.4116,35.593,29.237,32.1322,39.3172
2025-12-11,2025,12,11,66,Colorado St.,Colorado St.,MWC,10.0,8-2,120.718,107.6177,0.789266,62.6363,-0.2375,64.81,52.423,17.2157,13.6348,32.0152,26.858,37.6135,27.941,61.513,55.4277,45.41,32.7164,50.017,47.1338
2025-12-11,2025,12,11,67,UCF,UCF,B12,9.0,8-1,117.242,104.6119,0.786667,70.1115,1.127,56.537,48.7103,17.015,17.02,42.63,29.1116,35.0198,39.5263,55.779,50.0132,38.73,31.4108,33.6296,45.2315
2025-12-11,2025,12,11,68,South Florida,South Florida,Amer,10.0,6-4,114.465,102.683,0.778468,73.021,-1.1113,50.5196,50.6162,15.577,21.529,37.831,32.7228,44.738,44.0318,53.5126,48.8101,31.2254,35.6257,44.292,39.0161
2025-12-11,2025,12,11,69,Cincinnati,Cincinnati,B12,9.0,6-3,104.7213,94.18,0.773869,71.552,-1.3127,50.3198,45.023,19.3268,21.626,29.7216,22.85,38.9113,33.1128,52.5154,45.126,32.0226,29.862,49.125,44.2292
2025-12-11,2025,12,11,70,Arizona St.,Arizona St.,B12,10.0,8-2,113.971,102.684,0.76887,69.2161,1.029,54.09,50.5159,15.161,21.039,28.7239,30.617,45.831,38.3238,51.7181,54.2253,38.433,30.79,39.2193,44.9308
2025-12-11,2025,12,11,71,George Washington,George Washington,A10,11.0,8-3,117.736,106.1147,0.768271,71.454,-1.3128,56.633,51.2186,17.5178,18.3134,36.553,26.244,46.925,31.19,59.529,53.4225,35.1111,32.1135,42.7121,42.0244
2025-12-11,2025,12,11,72,Dayton,Dayton,A10,10.0,7-3,111.1107,100.148,0.768172,69.8124,-0.0665,53.1107,53.1249,16.9145,24.53,26.2309,29.1116,48.516,32.9123,55.68,48.593,33.2187,40.1355,43.0116,39.0161
2025-12-11,2025,12,11,73,Colorado,Colorado,B12,9.0,8-1,118.233,106.5155,0.767273,69.5145,1.126,58.121,52.8241,13.11,15.03,32.7134,26.348,46.628,28.246,56.758,50.0132,41.07,38.3333,29.5349,37.1107
2025-12-11,2025,12,11,74,California,California,ACC,10.0,9-1,113.773,102.889,0.762274,68.3203,0.736,55.95,45.734,15.786,17.6167,29.8213,32.9239,39.0109,31.598,55.188,45.735,38.138,30.475,41.715,37.4119
2025-12-11,2025,12,11,75,Oregon,Oregon,B10,9.0,4-5,113.475,102.582,0.761175,68.1209,-1.8159,47.2284,51.4197,19.1261,17.02,38.723,32.3219,42.753,31.699,47.129,52.1192,31.6238,33.5188,44.483,38.7153
2025-12-11,2025,12,11,76,McNeese St.,McNeese,Slnd,10.0,8-2,110.1118,99.645,0.760576,66.8276,0.1356,51.2166,48.291,15.054,26.51,36.157,40.0352,39.2104,42.6306,53.3133,45.328,31.1255,34.1212,31.7329,49.9358
2025-12-11,2025,12,11,77,Yale,Yale,Ivy,12.0,11-1,120.519,109.4217,0.754077,66.4294,0.64,58.318,53.6263,13.923,16.9208,35.763,29.5133,41.271,33.7143,54.4108,53.824,44.02,35.6257,33.6296,41.6233
2025-12-11,2025,12,11,78,George Mason,George Mason,A10,10.0,9-1,111.31,101.057,0.752878,65.832,0.3348,55.07,47.058,16.9145,18.1146,35.175,27.469,48.317,28.447,52.9146,48.593,38.926,30.167,37.7216,46.8331
2025-12-11,2025,12,11,79,San Francisco,San Francisco,WCC,10.0,6-4,112.19,101.869,0.752479,66.0311,-1.7154,52.7115,46.956,17.8196,14.5318,33.997,32.9239,38.013,30.374,51.419,45.227,36.274,33.3185,47.837,35.462
2025-12-11,2025,12,11,80,Illinois St.,Illinois St.,MVC,10.0,8-2,112.585,102.379,0.74858,67.8224,-0.69,54.186,47.058,14.23,15.229,30.5191,24.312,37.5138,34.5155,54.997,48.284,35.3101,30.271,43.1113,37.9135
2025-12-11,2025,12,11,81,New Mexico,New Mexico,MWC,10.0,8-2,111.2103,101.565,0.740081,70.786,0.542,53.5101,49.2114,16.6132,20.845,28.7239,30.0152,38.3124,32.3115,55.485,53.5228,33.9158,30.271,43.211,52.3363
2025-12-11,2025,12,11,82,Xavier,Xavier,BE,10.0,7-3,111.398,101.768,0.738882,70.597,-0.2273,50.7187,50.9171,12.63,18.214,27.3276,26.04,33.6229,32.0109,47.129,53.021,36.759,31.198,44.779,32.725
2025-12-11,2025,12,11,83,Northern Iowa,Northern Iowa,MVC,9.0,7-2,106.9171,97.624,0.738783,63.8358,-0.898,52.4128,45.023,13.413,20.649,20.4361,27.781,28.132,31.8104,53.2139,46.649,34.2143,28.63,41.8146,42.2255
2025-12-11,2025,12,11,84,Providence,Providence,BE,11.0,7-4,117.243,107.1164,0.737684,73.416,-1.2119,56.34,50.5159,15.368,15.7266,30.3195,30.4159,33.6229,29.356,58.342,46.039,35.884,37.8327,42.1134,41.8238
2025-12-11,2025,12,11,85,Mississippi St.,Mississippi St.,SEC,9.0,4-5,112.783,103.194,0.734485,69.4152,-2.2185,50.8183,47.67,16.4118,13.1356,30.2201,30.7173,31.5265,26.129,53.3133,48.799,31.5243,30.582,41.9142,38.3141
2025-12-11,2025,12,11,86,Kansas St.,Kansas St.,B12,10.0,6-4,112.981,103.4101,0.732586,74.21,-1.2123,57.627,49.8138,18.322,18.6114,34.29,31.1188,32.8248,33.5136,55.582,52.0189,40.212,31.096,42.4125,40.9209
2025-12-11,2025,12,11,87,Belmont,Belmont,MVC,10.0,9-1,110.8111,101.667,0.731087,71.649,0.1157,61.24,44.214,19.4276,19.0101,28.4247,27.882,31.5265,28.447,63.37,44.924,39.025,29.035,44.388,51.1361
2025-12-11,2025,12,11,88,Utah Valley,Utah Valley,WAC,10.0,7-3,109.5124,100.755,0.723488,70.592,-0.692,56.537,47.67,21.8346,19.875,32.9128,29.6138,32.9246,36.8197,58.932,49.5124,34.6131,29.758,34.9275,37.9135
2025-12-11,2025,12,11,89,Stanford,Stanford,ACC,9.0,7-2,111.0109,102.378,0.719089,71.071,-0.586,50.22,52.6237,15.054,21.92,35.371,24.312,38.4121,37.9226,49.2239,51.7178,34.3138,36.3282,42.1134,32.32
2025-12-11,2025,12,11,90,High Point,High Point,BSth,10.0,8-2,115.953,107.4171,0.70599,71.168,-1.011,56.732,50.9171,12.86,22.615,31.2173,34.9299,40.088,36.1185,58.735,53.6231,35.884,31.6117,40.7173,43.6281
2025-12-11,2025,12,11,91,Hawaii,Hawaii,BW,11.0,9-2,105.9197,98.232,0.704391,70.98,-0.9106,52.6119,41.96,20.6317,17.1197,33.7101,22.73,51.07,40.8282,56.461,42.99,30.9261,26.47,38.3209,30.61
2025-12-11,2025,12,11,92,Grand Canyon,Grand Canyon,MWC,9.0,5-4,106.9167,99.342,0.701492,68.6189,-1.7152,49.6216,50.3153,18.322,20.166,33.4113,23.06,38.2125,37.3211,53.3133,50.3138,28.8311,33.5188,36.7236,39.5179
2025-12-11,2025,12,11,93,South Carolina,South Carolina,SEC,9.0,6-3,111.2101,103.398,0.699993,67.0259,-1.6143,54.186,46.648,13.82,14.4323,28.1253,27.882,35.3186,33.8145,58.735,48.8101,32.8196,27.619,49.029,30.19
2025-12-11,2025,12,11,94,Marquette,Marquette,BE,10.0,5-5,109.7122,102.277,0.693494,71.647,-2.5201,49.1234,50.9171,15.47,20.649,33.3116,29.212,38.8118,32.5119,50.8206,49.3114,31.1255,35.6257,42.1134,38.4147
2025-12-11,2025,12,11,95,Tulsa,Tulsa,Amer,10.0,9-1,117.439,109.422,0.692195,67.4242,0.4644,58.219,52.423,14.953,17.3186,33.7101,26.04,42.555,29.865,54.3112,51.5168,41.65,35.8268,47.641,40.9209
2025-12-11,2025,12,11,96,Florida St.,Florida St.,ACC,9.0,5-4,109.2128,101.871,0.691396,74.77,-1.2115,50.1202,50.8166,16.2106,24.44,32.9128,36.2315,31.9259,37.0202,53.3133,50.8149,31.5243,33.921,53.18,42.2255
2025-12-11,2025,12,11,97,Nevada,Nevada,MWC,10.0,7-3,111.497,103.9109,0.690297,67.7228,-0.691,48.2256,51.2186,13.413,17.8157,34.485,28.189,45.732,39.7269,45.1327,50.6144,36.856,34.6232,31.2333,41.523
2025-12-11,2025,12,11,98,Georgetown,Georgetown,BE,9.0,6-3,112.587,105.0124,0.688298,68.9173,-0.3178,48.7246,49.8138,11.51,17.6167,29.7216,28.088,39.1106,40.9284,51.3195,47.87,29.4298,35.3249,36.0249,39.2169
2025-12-11,2025,12,11,99,Liberty,Liberty,CUSA,9.0,6-3,112.191,104.7121,0.685599,66.1305,-1.6141,60.08,51.8208,14.848,18.214,20.2363,32.3219,24.635,30.879,61.315,51.6172,39.123,34.8237,49.125,35.977
2025-12-11,2025,12,11,100,Minnesota,Minnesota,B10,10.0,5-5,109.7121,102.892,0.67831,64.1356,-1.6145,51.2166,51.1183,17.8196,16.6224,33.7101,26.755,50.98,33.2129,54.7101,47.769,30.8265,37.7323,40.8169,38.3141
2025-12-11,2025,12,11,101,Wichita St.,Wichita St.,Amer,10.0,6-4,110.5116,103.6105,0.6762101,66.6283,-1.4135,49.5221,46.141,14.848,16.4238,39.516,29.0112,36.2164,34.9162,48.6261,46.751,34.2143,30.066,34.5284,34.955
2025-12-11,2025,12,11,102,Richmond,Richmond,A10,9.0,8-1,111.793,105.1128,0.6688102,69.0167,0.096,55.367,49.5126,16.099,17.4178,31.2173,24.312,44.936,37.3211,54.3112,54.5261,37.84,29.652,41.4153,50.236
2025-12-11,2025,12,11,103,UC San Diego,UC San Diego,BW,9.0,8-1,111.696,105.3134,0.6610103,68.9177,0.4645,60.08,49.4123,14.126,16.1254,23.0354,30.9179,34.5209,30.069,58.735,48.593,41.07,33.6198,44.292,43.7283
2025-12-11,2025,12,11,104,UNC Wilmington,UNC Wilmington,CAA,10.0,9-1,111.794,105.6136,0.6575104,64.2354,-0.097,52.8113,46.648,15.786,16.3242,39.021,26.348,41.962,25.526,51.12,47.365,37.052,30.582,38.8197,47.7344
2025-12-11,2025,12,11,105,Miami OH,Miami OH,MAC,9.0,9-0,112.588,106.4153,0.6530105,71.264,0.5043,58.219,51.1183,14.334,20.262,26.6291,21.71,35.9172,34.3153,59.727,49.813,37.543,35.6257,45.471,36.895
2025-12-11,2025,12,11,106,St. Bonaventure,St. Bonaventure,A10,11.0,10-1,109.9119,104.2111,0.6490106,67.8221,0.93,52.5122,49.7134,18.6241,18.9104,38.226,31.0183,28.0322,32.0109,51.917,50.0132,35.981,32.9171,30.5344,37.1107
2025-12-11,2025,12,11,107,Pittsburgh,Pittsburgh,ACC,10.0,5-5,111.399,105.5135,0.6488107,64.3353,-2.7211,51.0177,49.0109,18.0208,16.2251,35.862,29.8145,34.2215,31.7101,50.6215,48.179,34.3138,33.6198,41.4153,37.9135
2025-12-11,2025,12,11,108,Wyoming,Wyoming,MWC,10.0,8-2,111.1108,105.3133,0.6479108,69.6134,-0.796,55.557,46.75,16.2106,19.391,36.848,26.142,36.616,56.1362,56.461,49.813,36.078,27.516,38.7202,37.0104
2025-12-11,2025,12,11,109,UAB,UAB,Amer,10.0,7-3,108.9129,103.499,0.6460109,70.691,-1.0107,47.8267,48.6101,14.334,16.8213,37.929,24.312,38.013,32.8122,52.3161,51.1156,25.7357,29.862,32.2321,39.0161
2025-12-11,2025,12,11,110,Penn St.,Penn St.,B10,10.0,8-2,114.07,108.2192,0.644411,67.9217,-0.4079,56.34,55.431,12.86,20.07,31.4165,28.4101,38.9113,22.77,56.758,57.3315,37.052,35.4254,32.4317,44.53
2025-12-11,2025,12,11,111,Seattle,Seattle,WCC,9.0,7-2,107.715,102.48,0.6418111,67.6233,-0.9104,59.91,48.085,18.5232,22.713,25.7317,35.0301,37.3143,34.0151,58.834,48.492,41.36,31.6117,36.1247,38.4147
2025-12-11,2025,12,11,112,William & Mary,William & Mary,CAA,11.0,8-3,108.8132,103.4102,0.6417112,75.25,-0.0869,55.557,48.599,20.431,21.234,25.7317,33.6265,41.665,38.2234,60.324,56.4304,33.5177,25.45,47.149,43.2277
2025-12-11,2025,12,11,113,UC Irvine,UC Irvine,BW,11.0,7-4,101.3278,96.415,0.6387113,69.614,-2.4194,46.131,41.74,17.7188,17.4178,27.2277,32.7228,44.343,30.985,45.2324,40.64,32.2218,29.341,29.2351,32.926
2025-12-11,2025,12,11,114,Utah,Utah,B12,10.0,7-3,113.277,107.7181,0.6381114,69.6135,-1.2121,53.796,51.2186,16.4118,15.6276,30.5191,31.6202,39.497,33.4135,53.9121,51.1156,35.688,34.3221,41.4153,32.32
2025-12-11,2025,12,11,115,UNLV,UNLV,MWC,9.0,4-5,112.586,107.3169,0.6318115,73.714,-2.52,51.1173,52.0218,16.3111,18.6114,33.2121,34.128,45.334,50.535,55.68,54.0245,28.5321,32.9171,35.5263,42.1248
2025-12-11,2025,12,11,116,Murray St.,Murray St.,MVC,10.0,7-3,112.389,107.3166,0.6291116,72.923,-1.1114,56.243,48.395,17.015,17.3186,36.848,32.5223,40.484,30.172,58.245,48.284,36.177,32.3144,47.641,25.01
2025-12-11,2025,12,11,117,Maryland,Maryland,B10,10.0,6-4,108.2143,103.5104,0.6268117,69.6136,-0.694,47.2284,53.927,19.1261,20.262,33.6105,31.2191,52.34,29.865,47.6284,52.5201,31.1255,37.0301,42.4125,44.53
2025-12-11,2025,12,11,118,DePaul,DePaul,BE,10.0,7-3,108.3142,103.911,0.6162118,68.6187,-1.816,52.7115,47.67,16.099,20.942,29.9211,30.3156,49.015,35.317,53.8122,47.162,34.1147,32.616,41.116,31.312
2025-12-11,2025,12,11,119,Bowling Green,Bowling Green,MAC,10.0,7-3,106.9169,102.685,0.6148119,69.4153,-1.6142,52.1147,49.5126,17.015,23.48,32.2149,26.755,36.2164,40.328,51.8173,53.4225,35.0113,29.862,36.6237,44.53
2025-12-11,2025,12,11,120,Bradley,Bradley,MVC,10.0,6-4,107.116,102.891,0.614412,68.818,-2.4193,52.2142,51.0181,15.577,24.06,26.5296,31.0183,37.2146,39.1253,52.4158,49.1109,34.6131,36.0273,45.175,40.4199
2025-12-11,2025,12,11,121,New Mexico St.,New Mexico St.,CUSA,8.0,6-2,109.4126,105.0126,0.6143121,66.9263,-1.1111,48.0259,44.719,17.2157,16.7218,38.425,25.733,37.3143,43.8316,49.8228,47.058,30.3278,27.72,40.5176,42.526
2025-12-11,2025,12,11,122,Cal Baptist,Cal Baptist,WAC,10.0,7-3,107.0163,102.89,0.6127122,68.4196,-0.4481,48.0259,48.6101,17.5178,17.3186,40.211,23.67,33.0244,40.0274,48.6261,50.8149,31.1255,29.549,30.4345,34.445
2025-12-11,2025,12,11,123,Rhode Island,Rhode Island,A10,11.0,7-4,107.5155,103.5103,0.6066123,67.8222,-1.9166,53.992,49.0109,19.4276,21.724,33.899,34.4287,42.458,38.7241,58.342,48.799,31.7236,32.9171,41.3157,41.4228
2025-12-11,2025,12,11,124,Kent St.,Kent St.,MAC,10.0,9-1,113.279,109.0209,0.6060124,72.135,-0.2374,57.826,53.927,18.2215,17.8157,36.652,30.5164,49.713,38.1232,56.268,51.5168,39.717,37.7323,47.936,46.8331
2025-12-11,2025,12,11,125,Siena,Siena,MAAC,11.0,9-2,106.8174,103.295,0.5978125,65.4333,-0.9102,51.2166,48.085,17.2157,21.136,34.193,27.679,37.5138,28.043,54.6104,50.3138,29.0308,28.934,30.9337,32.423
2025-12-11,2025,12,11,126,Columbia,Columbia,Ivy,11.0,9-2,110.2117,106.5156,0.5951126,67.623,-0.4682,55.754,47.058,20.431,15.4286,40.211,26.45,28.4314,33.6138,53.413,46.956,39.519,31.5114,39.0194,33.838
2025-12-11,2025,12,11,127,Winthrop,Winthrop,BSth,11.0,6-5,113.972,110.2241,0.5938127,69.515,-2.3189,52.4128,53.7266,13.413,17.9153,33.899,29.212,34.7205,35.0164,52.0168,53.6231,35.3101,35.8268,45.962,42.526
2025-12-11,2025,12,11,128,Davidson,Davidson,A10,9.0,7-2,109.4125,105.9144,0.5932128,66.3296,-0.418,56.243,50.9171,17.2157,18.7111,26.2309,33.1248,42.161,37.8225,54.5106,53.6231,38.926,30.582,44.388,34.242
2025-12-11,2025,12,11,129,Georgia Tech,Georgia Tech,ACC,10.0,6-4,102.2262,99.343,0.5808129,71.359,-2.319,47.7272,44.719,18.2215,17.4178,31.7159,27.985,33.8223,32.1113,48.7253,47.667,30.5273,27.114,33.9292,42.3258
2025-12-11,2025,12,11,130,Drake,Drake,MVC,10.0,6-4,107.8149,104.9123,0.577013,66.2303,-2.621,52.4128,47.162,12.63,13.9341,26.4299,30.4159,30.0286,27.84,50.2224,48.179,36.856,30.271,43.5104,36.383
2025-12-11,2025,12,11,131,Stephen F. Austin,Stephen F. Austin,Slnd,9.0,7-2,107.3157,104.5118,0.5741131,66.8272,-1.0108,52.9111,45.023,14.543,16.6224,32.9128,29.4129,23.5354,41.2287,51.3195,45.43,36.856,29.237,40.9166,29.15
2025-12-11,2025,12,11,132,UC Santa Barbara,UC Santa Barbara,BW,10.0,8-2,114.862,111.9284,0.5714132,66.1306,-0.9101,53.5101,54.7289,16.5125,18.0149,34.977,28.293,47.024,49.2344,50.7212,51.9185,38.433,39.6349,40.8169,37.4119
2025-12-11,2025,12,11,133,Florida Atlantic,Florida Atlantic,Amer,10.0,7-3,111.1105,108.7201,0.5637133,67.5239,-1.2126,52.015,53.1249,17.3166,16.9208,34.879,29.0112,33.5231,33.9148,51.8173,50.3138,34.9122,38.8339,40.5176,35.771
2025-12-11,2025,12,11,134,Middle Tennessee,Middle Tennessee,CUSA,9.0,5-4,108.0145,105.714,0.5618134,67.5237,-1.5138,49.223,51.9213,16.1101,13.7345,30.0208,29.1116,25.634,36.6193,50.6215,54.8268,31.5243,31.198,40.7173,35.771
2025-12-11,2025,12,11,135,Southern Illinois,Southern Illinois,MVC,10.0,6-4,108.6139,106.315,0.5593135,70.2108,-1.8161,53.698,48.8106,16.5125,18.0149,32.7134,31.9208,35.4181,29.865,57.848,48.8101,28.4322,32.5152,27.0362,42.927
2025-12-11,2025,12,11,136,Duquesne,Duquesne,A10,10.0,6-4,109.3127,107.1165,0.5588136,72.727,-2.2183,55.655,51.5199,20.1299,18.214,30.3195,29.8145,41.469,43.431,61.018,51.1156,32.1223,34.7235,41.9142,41.523
2025-12-11,2025,12,11,137,Pacific,Pacific,WCC,10.0,7-3,107.3156,105.213,0.5577137,65.7324,-1.3129,52.4128,46.039,19.5281,15.5282,34.782,24.72,33.5231,39.025,54.3112,47.058,32.8196,29.652,37.3223,39.6184
2025-12-11,2025,12,11,138,St. Thomas,St. Thomas,Sum,11.0,7-4,108.414,106.4152,0.5553138,69.4154,-2.2179,55.464,52.9247,14.746,19.489,17.9364,27.367,29.7291,30.678,64.54,55.0271,30.3278,33.5188,48.134,42.8268
2025-12-11,2025,12,11,139,Western Kentucky,Western Kentucky,CUSA,9.0,6-3,107.9146,106.0146,0.5511139,71.648,-1.0109,47.5275,50.6162,15.054,18.3134,31.5162,29.915,43.546,38.8243,48.7253,48.076,29.9289,35.9271,32.0325,44.3294
2025-12-11,2025,12,11,140,Hofstra,Hofstra,CAA,11.0,7-4,106.1188,104.3114,0.549614,68.42,-1.7156,52.5122,48.395,17.4175,18.4126,31.7159,31.4196,33.8223,38.2234,52.5154,45.025,35.0113,35.6257,38.5206,39.4175
2025-12-11,2025,12,11,141,Troy,Troy,SB,11.0,6-5,106.9168,105.2129,0.5472141,68.8181,-2.4197,50.8183,51.0181,18.9249,17.8157,32.514,32.823,41.469,36.4188,53.7123,49.6126,31.4249,35.7263,44.292,34.648
2025-12-11,2025,12,11,142,Kennesaw St.,Kennesaw St.,CUSA,10.0,8-2,109.812,108.219,0.5430142,73.515,-1.212,52.6119,46.854,18.322,16.7218,37.536,29.3126,52.62,56.4363,55.582,44.016,32.3216,34.4225,41.4153,37.4119
2025-12-11,2025,12,11,143,Boston College,Boston College,ACC,11.0,5-6,102.5253,101.158,0.5412143,66.6282,-4.4305,46.4303,45.127,15.264,15.229,31.3169,28.398,35.8173,33.9148,50.1227,46.956,27.9333,27.922,44.779,34.853
2025-12-11,2025,12,11,144,Wright St.,Wright St.,Horz,10.0,5-5,106.518,105.0125,0.5407144,67.5238,-3.1229,54.678,50.4156,17.4175,20.942,27.0282,33.8274,30.2285,37.6221,55.877,53.824,35.2107,29.136,39.0194,33.435
2025-12-11,2025,12,11,145,East Tennessee St.,East Tennessee St.,SC,10.0,8-2,107.1159,105.7141,0.5379145,68.9175,-0.9103,56.147,47.98,17.5178,21.626,31.4165,27.469,30.7277,36.5189,59.727,48.179,34.0153,31.8122,41.116,45.7318
2025-12-11,2025,12,11,146,Youngstown St.,Youngstown St.,Horz,10.0,6-4,105.3208,103.9108,0.5379146,68.2205,-2.1178,55.07,49.1112,21.2331,19.973,30.7187,33.0243,29.2303,38.2234,56.857,52.5201,35.41,27.516,49.521,29.86
2025-12-11,2025,12,11,147,Loyola Marymount,Loyola Marymount,WCC,10.0,7-3,104.0235,102.787,0.5358147,67.4244,-1.5139,52.2142,47.364,18.8246,18.8108,30.0208,30.7173,30.0286,31.19,51.3195,47.162,35.688,31.7119,44.292,38.7153
2025-12-11,2025,12,11,148,Oregon St.,Oregon St.,WCC,10.0,5-5,108.7134,107.5175,0.5318148,65.533,-3.6269,52.4128,48.291,19.3268,16.1254,27.1279,34.128,43.249,34.7158,51.917,49.3114,35.2107,31.096,46.655,39.8187
2025-12-11,2025,12,11,149,Quinnipiac,Quinnipiac,MAAC,10.0,7-3,105.72,104.8122,0.5230149,72.036,-0.585,49.8211,49.7134,17.2157,17.2194,32.7134,35.5306,28.4314,29.254,47.4287,49.4116,36.564,33.5188,33.1308,33.23
2025-12-11,2025,12,11,150,South Dakota St.,South Dakota St.,Sum,11.0,6-5,105.3206,104.5117,0.522915,69.0168,-2.9224,49.8211,48.599,18.5232,17.6167,29.8213,23.67,34.9201,39.6264,52.1166,52.4199,30.9261,29.652,40.6175,48.9352
2025-12-11,2025,12,11,151,North Texas,North Texas,Amer,10.0,7-3,102.9248,102.176,0.5211151,65.134,-1.4134,49.1234,45.936,19.3268,20.07,31.2173,32.823,42.555,49.7345,47.8279,47.058,34.3138,29.341,34.7279,39.1166
2025-12-11,2025,12,11,152,Rutgers,Rutgers,B10,10.0,5-5,107.0165,106.3151,0.5169152,66.1308,-1.8163,47.5275,50.9171,17.2157,16.9208,34.094,33.0243,39.792,25.223,45.5319,47.667,34.4137,37.4314,34.3288,39.0161
2025-12-11,2025,12,11,153,Iona,Iona,MAAC,11.0,8-3,107.8148,107.5174,0.5088153,72.429,-1.6146,53.894,50.1146,15.997,18.214,26.4299,33.3256,31.1269,27.435,52.0168,53.1214,37.446,30.582,43.0116,41.4228
2025-12-11,2025,12,11,154,Massachusetts,Massachusetts,MAC,10.0,7-3,103.5241,103.297,0.5076154,73.318,-2.218,51.8158,48.7103,19.5281,19.585,36.455,25.226,37.5138,47.6341,53.0143,55.0271,33.0191,26.06,34.2289,39.5179
2025-12-11,2025,12,11,155,Sam Houston St.,Sam Houston St.,CUSA,9.0,6-3,108.7135,108.5196,0.5053155,70.596,-0.693,51.9154,51.3191,16.9145,19.0101,37.44,37.0333,32.725,50.0347,50.422,57.0312,36.274,29.652,39.0194,44.9308
2025-12-11,2025,12,11,156,Arkansas St.,Arkansas St.,SB,10.0,7-3,107.5153,107.3167,0.5050156,74.111,-0.689,48.924,52.0218,21.1329,15.6276,35.763,29.5133,37.4142,41.4291,53.1141,54.2253,29.1305,32.214,44.483,37.5127
2025-12-11,2025,12,11,157,Oakland,Oakland,Horz,10.0,5-5,114.168,114.0325,0.5028157,71.841,-1.1112,53.3106,58.6351,13.311,14.1332,27.1279,34.0278,34.3213,24.516,53.2139,60.5349,35.688,37.3309,33.6296,41.7236
2025-12-11,2025,12,11,158,Idaho,Idaho,BSky,10.0,6-4,111.2102,111.5279,0.4934158,66.7277,-2.1172,52.7115,54.1275,15.997,14.1332,29.3228,24.824,37.1147,37.4216,51.917,53.2217,35.786,37.0301,53.56,38.0138
2025-12-11,2025,12,11,159,Colgate,Colgate,Pat,11.0,6-5,108.9131,109.1211,0.4934159,67.4241,-2.017,53.1107,49.312,14.44,15.8261,24.933,35.0301,23.3357,32.4118,55.582,51.9185,32.4211,30.271,34.5284,39.3172
2025-12-11,2025,12,11,160,Furman,Furman,SC,11.0,7-4,108.4141,108.7202,0.491216,67.822,-2.0171,55.07,53.1249,20.0294,13.4352,30.8185,27.469,32.6254,27.536,64.35,54.4257,30.3278,34.2216,49.323,41.1214
2025-12-11,2025,12,11,161,North Dakota St.,North Dakota St.,Sum,10.0,7-3,103.4243,103.8107,0.4894161,68.3202,-1.715,46.53,50.2148,15.577,20.747,33.511,29.212,30.4282,29.662,49.2239,51.5168,28.7316,31.9127,42.9119,35.564
2025-12-11,2025,12,11,162,Saint Joseph's,Saint Joseph's,A10,9.0,6-3,105.3207,105.7139,0.4892162,69.0169,-1.6144,47.3279,49.2114,17.015,15.8261,34.29,34.4287,33.5231,32.712,51.3195,49.2112,28.3327,32.8169,44.779,35.667
2025-12-11,2025,12,11,163,Elon,Elon,CAA,9.0,5-4,112.584,113.1311,0.4857163,68.0213,-2.5199,54.776,54.9297,15.47,14.6312,37.046,31.4196,34.4211,37.9226,55.188,58.0325,36.274,34.4225,45.766,49.1354
2025-12-11,2025,12,11,164,Marist,Marist,MAAC,8.0,6-2,98.5331,99.14,0.4830164,67.3246,-1.2118,50.0205,40.73,19.6286,21.039,29.5223,27.163,24.7349,43.5311,53.1141,43.914,29.9289,24.01,38.0211,40.8208
2025-12-11,2025,12,11,165,Cornell,Cornell,Ivy,10.0,5-5,113.28,114.0324,0.4792165,74.58,-2.9223,59.412,55.03,17.7188,15.7266,27.6265,29.5133,32.9246,39.7269,58.441,55.8293,40.212,35.7263,51.114,37.0104
2025-12-11,2025,12,11,166,Towson,Towson,CAA,10.0,6-4,105.7201,106.5154,0.4777166,63.4361,-1.313,48.3251,52.2225,17.5178,14.8306,37.341,25.937,29.0306,29.053,51.8173,57.3315,28.0329,30.167,35.8252,42.1248
2025-12-11,2025,12,11,167,Robert Morris,Robert Morris,Horz,11.0,7-4,107.0164,107.9184,0.4751167,66.4292,-1.9165,52.015,48.189,19.4276,16.0257,37.831,32.2215,23.6353,50.535,51.8173,49.4116,34.9122,30.582,39.5191,35.564
2025-12-11,2025,12,11,168,FIU,FIU,CUSA,8.0,5-3,106.8176,107.718,0.4748168,71.07,-1.3131,49.7215,50.4156,15.786,20.942,31.4165,40.1354,37.6135,33.2129,46.4301,50.7146,36.47,33.3185,40.3178,44.8307
2025-12-11,2025,12,11,169,Temple,Temple,Amer,10.0,5-5,113.376,114.3332,0.4739169,66.8273,-3.3245,51.6159,54.3278,13.413,14.4323,29.0234,29.5133,47.819,30.879,51.12,53.1214,35.0113,37.3309,35.8252,42.1248
2025-12-11,2025,12,11,170,Montana St.,Montana St.,BSky,10.0,4-6,106.0193,107.0163,0.473517,66.5285,-3.3247,52.1147,51.8208,16.4118,16.4238,26.9284,28.7106,26.8331,39.4262,55.386,54.4257,32.3216,31.198,45.863,33.636
2025-12-11,2025,12,11,171,Portland St.,Portland St.,BSky,8.0,5-3,102.7251,103.7106,0.4732171,69.6141,-1.6148,51.9154,48.8106,20.8319,20.166,31.8155,30.5164,35.2189,44.6323,51.419,48.9108,35.1111,32.5152,37.8214,34.853
2025-12-11,2025,12,11,172,Lipscomb,Lipscomb,ASun,10.0,6-4,104.6219,105.8143,0.4690172,70.593,-1.7153,52.5122,52.0218,17.5178,19.391,27.6265,28.8109,25.4342,35.4172,52.4158,52.3196,35.0113,34.3221,49.125,38.4147
2025-12-11,2025,12,11,173,Marshall,Marshall,SB,10.0,6-4,106.2185,107.5173,0.4657173,70.787,-1.7155,54.481,48.497,19.3268,16.523,32.2149,31.2191,29.7291,44.4321,54.4108,48.593,36.372,32.214,45.863,38.3141
2025-12-11,2025,12,11,174,UC Davis,UC Davis,BW,8.0,5-3,104.3227,105.6138,0.4640174,68.6188,-1.2124,54.186,49.2114,20.431,20.262,27.1279,31.0183,39.497,37.2207,58.735,49.4116,31.9229,32.616,42.313,35.36
2025-12-11,2025,12,11,175,Northern Colorado,Northern Colorado,BSky,10.0,9-1,106.7177,108.1188,0.4639175,68.9179,-0.2376,56.147,47.775,17.3166,13.8343,24.1342,25.836,37.1147,35.6174,60.125,53.021,34.1147,24.32,44.483,31.514
2025-12-11,2025,12,11,176,James Madison,James Madison,SB,11.0,7-4,110.6114,112.1287,0.4613176,66.7279,-2.1175,53.011,51.3191,15.893,15.8261,29.223,32.5223,33.0244,44.332,49.4236,51.2161,38.039,34.3221,47.346,35.667
2025-12-11,2025,12,11,177,South Alabama,South Alabama,SB,10.0,8-2,106.1192,107.7179,0.4568177,65.4331,-0.4683,52.3137,49.8138,13.82,17.7162,27.7264,33.5263,40.78,16.81,52.7149,52.9207,34.3138,31.9127,33.9292,60.7365
2025-12-11,2025,12,11,178,Washington St.,Washington St.,WCC,10.0,3-7,109.5123,111.2272,0.4556178,68.0214,-4.7313,53.4105,56.9331,17.9203,15.1294,29.8213,24.312,35.3186,35.8178,55.877,55.8293,33.5177,38.9343,43.899,41.924
2025-12-11,2025,12,11,179,Ohio,Ohio,MAC,9.0,3-6,108.6137,110.6253,0.4477179,70.0118,-3.3248,49.0238,54.3278,16.5125,16.8213,30.4194,34.8296,35.8173,31.086,52.3161,53.2217,28.8311,37.4314,36.4244,40.0192
2025-12-11,2025,12,11,180,Austin Peay,Austin Peay,ASun,9.0,4-5,101.5271,103.41,0.446718,69.5148,-2.8215,48.2256,50.9171,17.5178,20.555,28.1253,29.4129,31.1269,37.0202,48.825,53.6231,31.6238,31.7119,40.9166,44.53
2025-12-11,2025,12,11,181,UT Rio Grande Valley,UT Rio Grande Valley,Slnd,8.0,3-5,104.7216,106.7159,0.4461181,70.4104,-2.2181,51.2166,49.613,17.3166,15.5282,26.3304,30.0152,23.5354,40.6281,48.5266,51.7178,37.249,31.3107,36.6237,42.526
2025-12-11,2025,12,11,182,Rice,Rice,Amer,10.0,4-6,106.5181,108.5199,0.4446182,67.1255,-3.9283,47.9263,50.6162,19.3268,17.5171,33.3116,34.2283,39.497,39.9273,43.2351,50.7146,36.661,33.5188,40.3178,34.648
2025-12-11,2025,12,11,183,Idaho St.,Idaho St.,BSky,11.0,6-5,105.7202,107.7182,0.4442183,64.2355,-2.3192,53.698,49.312,20.1299,18.5119,34.879,35.5306,35.8173,32.3115,54.6104,52.5201,35.0113,29.444,46.557,37.7133
2025-12-11,2025,12,11,184,Toledo,Toledo,MAC,9.0,5-4,111.1106,113.3315,0.4435184,69.6142,-2.6205,55.367,58.1348,17.7188,20.07,33.511,33.1248,30.0286,21.65,56.953,60.9352,34.9122,36.1279,35.127,41.1214
2025-12-11,2025,12,11,185,Tulane,Tulane,Amer,10.0,7-3,110.6113,112.9306,0.4401185,66.5286,-1.7151,52.3137,55.7315,13.413,17.02,20.8358,32.823,47.222,38.4239,54.4108,51.6172,33.0191,40.4358,43.5104,45.0312
2025-12-11,2025,12,11,186,Abilene Christian,Abilene Christian,WAC,10.0,7-3,102.5255,104.712,0.4400186,66.3297,-1.8164,46.131,52.6237,21.3339,20.457,37.242,28.6105,35.7179,59.0364,43.9343,49.5124,33.6171,38.8339,34.4286,34.955
2025-12-11,2025,12,11,187,Fresno St.,Fresno St.,MWC,11.0,6-5,104.3225,106.716,0.4343187,69.3155,-3.3241,52.3137,51.4197,19.3268,20.747,30.3195,30.8178,34.0218,31.086,56.071,56.831,31.6238,29.341,43.0116,41.6233
2025-12-11,2025,12,11,188,Florida Gulf Coast,Florida Gulf Coast,ASun,10.0,5-5,108.7133,111.3273,0.4341188,70.594,-3.3244,51.9154,54.3278,16.1101,17.7162,36.157,29.6138,33.1241,48.2343,51.7181,56.7309,34.9122,34.2216,35.3266,44.4297
2025-12-11,2025,12,11,189,North Alabama,North Alabama,ASun,9.0,5-4,105.9194,108.5198,0.4315189,66.9264,-1.8158,46.53,51.1183,17.3166,14.3325,34.29,34.6293,33.3237,32.2114,46.1307,53.021,31.5243,32.5152,34.7279,45.5316
2025-12-11,2025,12,11,190,UNC Asheville,UNC Asheville,BSth,10.0,4-6,106.8175,109.4218,0.430919,66.7278,-4.1297,54.58,50.2148,20.8319,15.03,26.9284,33.4261,41.567,34.8161,52.3161,53.3221,39.221,29.965,33.0309,36.895
2025-12-11,2025,12,11,191,Southern,Southern,SWAC,10.0,4-6,104.9212,107.4172,0.4308191,72.824,-3.0226,49.3226,55.8317,19.2265,17.7162,30.1202,34.3285,35.1192,47.8342,45.4321,54.1249,38.433,39.1345,32.4317,37.4119
2025-12-11,2025,12,11,192,Monmouth,Monmouth,CAA,10.0,5-5,106.119,108.7204,0.4296192,67.6229,-3.0225,47.9263,50.3153,16.6132,18.5119,31.1178,31.8204,40.78,35.8178,46.6298,48.8101,33.7165,35.2246,33.4303,37.5127
2025-12-11,2025,12,11,193,Charleston,Charleston,CAA,10.0,4-6,108.6138,111.3275,0.4295193,66.4289,-3.8279,47.2284,53.3256,14.848,14.0336,33.4113,32.1211,41.864,31.19,49.7231,51.7178,29.3301,37.0301,42.2133,41.924
2025-12-11,2025,12,11,194,Fordham,Fordham,A10,11.0,7-4,105.4205,108.2193,0.4230194,64.9343,-3.4252,50.0205,48.497,16.1101,15.7266,34.094,27.469,25.634,24.414,53.5126,46.141,29.4298,34.4225,37.2228,42.0244
2025-12-11,2025,12,11,195,Charlotte,Charlotte,Amer,10.0,4-6,107.5152,110.5248,0.4223195,63.436,-4.1291,50.6193,52.3229,19.0257,15.6276,37.144,29.0112,38.9113,49.9346,49.7231,54.1249,34.6131,33.2182,41.8146,41.924
2025-12-11,2025,12,11,196,Incarnate Word,Incarnate Word,Slnd,10.0,5-5,110.6112,113.8321,0.4197196,66.5288,-2.7212,49.8211,57.8343,15.47,16.523,32.3145,32.823,38.4121,51.5355,49.2239,60.8351,33.8164,35.1244,36.5241,37.1107
2025-12-11,2025,12,11,197,San Jose St.,San Jose St.,MWC,10.0,5-5,106.2186,109.3216,0.4172197,65.1339,-2.7213,49.9208,53.927,18.5232,18.7111,35.076,37.1335,35.0198,26.933,48.825,55.528,34.6131,34.4225,35.4265,41.3218
2025-12-11,2025,12,11,198,Louisiana Tech,Louisiana Tech,CUSA,8.0,5-3,101.3277,104.4116,0.4142198,64.4351,-2.1174,46.0316,46.956,17.3166,17.02,34.879,28.293,27.7325,31.19,50.8206,51.9185,23.4364,27.516,30.4345,46.9334
2025-12-11,2025,12,11,199,Lamar,Lamar,Slnd,9.0,5-4,101.0287,104.2112,0.4125199,66.6281,-2.3187,46.131,50.8166,17.6185,20.359,31.8155,30.3156,24.5351,46.5333,44.1339,50.9152,33.6171,33.8203,32.7314,36.895
2025-12-11,2025,12,11,200,UT Arlington,UT Arlington,WAC,9.0,6-3,102.4257,105.7142,0.40982,67.6231,-1.6147,48.7246,47.468,23.0355,19.391,37.144,30.9179,38.4121,43.5311,51.7181,52.3196,28.0329,24.63,30.6343,31.617
2025-12-11,2025,12,11,201,Montana,Montana,BSky,10.0,5-5,107.5151,111.026,0.4094201,70.1114,-3.123,56.633,50.9171,20.3306,13.8343,25.5321,33.0243,38.9113,31.8104,56.17,53.4225,38.236,30.475,42.0137,31.819
2025-12-11,2025,12,11,202,Texas St.,Texas St.,SB,12.0,7-5,101.9269,105.3131,0.4064202,66.827,-3.6273,48.8243,50.5159,21.8346,19.779,35.566,28.7106,35.4181,38.2234,48.7253,48.179,32.8196,36.5293,24.1365,36.895
2025-12-11,2025,12,11,203,Milwaukee,Milwaukee,Horz,9.0,4-5,107.0161,110.8256,0.4009203,71.166,-2.1177,48.8243,54.9297,15.161,16.523,31.5162,34.2283,35.518,38.1232,48.5266,51.6172,32.8196,40.4358,40.0184,36.688
2025-12-11,2025,12,11,204,Mercer,Mercer,SC,9.0,7-2,106.5179,110.4245,0.4003204,70.976,-0.2877,52.2142,51.6204,15.054,18.4126,31.3169,37.0333,36.9153,28.145,51.8173,51.8182,35.2107,34.3221,42.0137,38.5152
2025-12-11,2025,12,11,205,Old Dominion,Old Dominion,SB,10.0,3-7,107.2158,111.1266,0.3992205,68.7182,-3.9284,49.4223,52.0218,16.814,13.7345,27.0282,33.727,32.0258,41.9296,48.6261,54.4257,33.6171,32.0132,40.218,36.895
2025-12-11,2025,12,11,206,Bethune Cookman,Bethune Cookman,SWAC,9.0,3-6,106.8173,110.7254,0.3992206,67.0256,-2.8216,47.5275,52.8241,14.746,14.731,28.9237,36.432,28.3317,41.329,45.9314,54.8268,34.0153,33.0178,30.4345,37.1107
2025-12-11,2025,12,11,207,Jacksonville St.,Jacksonville St.,CUSA,8.0,4-4,101.1284,105.1127,0.3919207,65.8321,-3.4251,44.2344,47.364,17.7188,15.03,28.4247,25.328,34.6206,37.3211,43.6346,48.8101,30.0286,30.167,45.569,40.5204
2025-12-11,2025,12,11,208,Tarleton St.,Tarleton St.,WAC,11.0,7-4,105.5204,109.6226,0.3913208,69.3158,-1.2116,51.0177,57.534,21.3339,22.117,33.997,36.432,43.15,47.2338,50.2224,59.0335,35.593,37.1305,27.4361,45.9322
2025-12-11,2025,12,11,209,Navy,Navy,Pat,11.0,6-5,102.6252,106.8161,0.3885209,68.2206,-2.9218,47.8267,50.0145,17.7188,18.3134,28.4247,28.4101,39.792,33.3132,47.6284,50.9152,32.2218,32.4149,31.5331,39.5179
2025-12-11,2025,12,11,210,Queens,Queens,ASun,9.0,4-5,111.2103,115.7343,0.388321,68.1211,-2.6204,56.831,52.8241,16.814,12.736,31.9153,36.7328,29.0306,37.9226,57.149,55.6285,37.742,32.5152,47.149,40.2197
2025-12-11,2025,12,11,211,Illinois Chicago,Illinois Chicago,MVC,9.0,4-5,103.7238,108.0185,0.3861211,68.9171,-3.5262,46.8295,49.4123,20.1299,19.779,39.217,38.3343,46.23,36.0183,49.7231,51.9185,27.8336,30.994,36.5241,46.2326
2025-12-11,2025,12,11,212,New Orleans,New Orleans,Slnd,10.0,3-7,106.7178,111.2271,0.3827212,70.41,-3.2237,49.6216,50.7165,20.8319,13.7345,32.3145,34.529,37.1147,42.1302,47.8279,53.3221,35.0113,31.4108,38.8197,41.3218
2025-12-11,2025,12,11,213,Southeast Missouri St.,Southeast Missouri,OVC,10.0,4-6,104.2228,108.7203,0.3816213,71.456,-3.3243,49.5221,58.1348,17.5178,20.262,28.4247,27.575,29.7291,51.5355,53.7123,59.634,27.9333,37.2307,35.7256,38.1139
2025-12-11,2025,12,11,214,Georgia Southern,Georgia Southern,SB,11.0,6-5,105.8198,110.4246,0.3797214,72.43,-3.4254,50.7187,51.6204,15.893,19.875,27.4273,35.8311,39.89,40.9284,52.5154,55.528,32.5208,30.475,47.346,39.3172
2025-12-11,2025,12,11,215,Southern Miss,Southern Miss,SB,10.0,6-4,106.3184,111.0262,0.3777215,67.8219,-2.3188,50.7187,54.3278,18.5232,20.359,38.127,31.5199,37.5138,40.2277,55.094,50.0132,26.4356,39.3347,27.5359,47.4342
2025-12-11,2025,12,11,216,Stony Brook,Stony Brook,CAA,10.0,7-3,105.5203,110.3244,0.3750216,67.225,-1.3132,49.3226,49.9143,16.3111,18.9104,28.0255,34.8296,30.8274,41.2287,48.7253,48.284,33.3182,35.2246,42.4125,36.91
2025-12-11,2025,12,11,217,Indiana St.,Indiana St.,MVC,10.0,6-4,101.9268,106.6157,0.3728217,71.745,-2.4196,48.5249,46.445,18.4229,17.9153,25.4323,35.4304,24.9348,24.717,55.188,48.076,27.4343,28.528,46.852,30.711
2025-12-11,2025,12,11,218,Northeastern,Northeastern,CAA,9.0,4-5,101.4273,106.1148,0.3711218,70.1116,-3.4255,50.22,51.8208,19.1261,20.166,27.8263,27.264,34.6206,36.7195,52.3161,53.7237,31.0259,32.214,36.0249,34.751
2025-12-11,2025,12,11,219,Campbell,Campbell,CAA,9.0,4-5,105.021,110.0235,0.3695219,71.94,-2.3191,46.131,54.3278,20.9324,15.1294,32.4144,31.5199,50.111,37.6221,49.2239,54.0245,27.0347,36.6294,35.7256,32.926
2025-12-11,2025,12,11,220,American,American,Pat,11.0,7-4,103.8237,108.8205,0.367122,70.4102,-2.2184,51.2166,53.1249,17.1156,20.649,24.4337,29.5133,32.8248,52.6361,51.8173,53.2217,33.7165,35.3249,46.655,33.333
2025-12-11,2025,12,11,221,Coastal Carolina,Coastal Carolina,SB,10.0,6-4,101.0286,105.9145,0.3664221,70.595,-2.4198,47.1288,45.231,15.054,13.535,23.5349,25.328,31.3268,46.3332,43.3349,44.319,34.7129,31.2105,43.211,36.91
2025-12-11,2025,12,11,222,Vermont,Vermont,AE,11.0,6-5,108.6136,114.1328,0.3635222,65.8319,-3.3239,55.07,55.9319,16.3111,14.0336,26.2309,24.418,30.0286,41.4291,56.365,55.4277,35.786,37.7323,46.754,43.4278
2025-12-11,2025,12,11,223,Valparaiso,Valparaiso,MVC,9.0,6-3,101.2282,106.3149,0.3620223,66.8274,-1.514,45.3331,46.343,16.1101,19.683,33.6105,31.0183,34.9201,37.5218,45.5319,45.632,30.0286,31.5114,40.8169,40.4199
2025-12-11,2025,12,11,224,Weber St.,Weber St.,BSky,10.0,5-5,104.3224,109.6227,0.3613224,69.9123,-3.1228,51.1173,49.2114,18.6241,16.8213,32.9128,27.882,35.4181,39.2257,52.7149,54.5261,31.9229,26.78,33.5299,37.2114
2025-12-11,2025,12,11,225,Hampton,Hampton,CAA,10.0,5-5,104.3226,109.6225,0.3610225,67.1254,-3.3242,46.9292,51.5199,18.5232,18.1146,34.977,34.3285,42.26,42.4304,47.9274,53.5228,30.1285,32.1135,36.6237,38.3141
2025-12-11,2025,12,11,226,Texas A&M Corpus Chris,Texas A&M Corpus Chris,Slnd,8.0,3-5,99.1325,104.2113,0.3587226,68.5191,-2.0169,41.2361,51.7206,17.3166,17.3186,25.3325,28.189,35.1192,44.1319,40.4359,51.7178,28.4322,34.4225,32.6315,36.688
2025-12-11,2025,12,11,227,Radford,Radford,BSth,11.0,4-7,104.7217,110.2242,0.3570227,72.726,-4.6312,46.0316,52.8241,16.6132,18.3134,28.5246,35.4304,38.9113,46.6334,47.9274,52.3196,29.3301,35.7263,47.445,39.919
2025-12-11,2025,12,11,228,Missouri St.,Missouri St.,CUSA,8.0,4-4,103.9236,109.4219,0.3563228,66.4291,-3.1231,47.9263,54.2276,17.3166,19.196,27.6265,40.6359,49.812,39.1253,52.6151,55.2275,27.8336,34.9239,43.1113,36.792
2025-12-11,2025,12,11,229,Eastern Washington,Eastern Washington,BSky,9.0,2-7,107.9147,113.6317,0.3558229,70.598,-4.4306,54.186,57.6342,20.2304,17.02,28.7239,29.8145,32.4256,37.9226,55.188,55.6285,34.9122,40.536,37.3223,38.7153
2025-12-11,2025,12,11,230,UTEP,UTEP,CUSA,8.0,3-5,101.2281,106.7158,0.354523,67.0258,-3.3249,44.8335,54.6288,19.4276,22.117,23.5349,40.5358,26.5335,45.2326,45.7316,54.7264,28.8311,36.3282,37.3223,38.8158
2025-12-11,2025,12,11,231,Northern Kentucky,Northern Kentucky,Horz,11.0,8-3,104.2229,109.8231,0.3538231,69.3157,-1.5137,52.2142,56.3324,18.9249,22.713,35.763,33.3256,31.1269,46.233,53.413,53.824,33.9158,40.1355,45.273,38.4147
2025-12-11,2025,12,11,232,Nebraska Omaha,Nebraska Omaha,Sum,12.0,5-7,106.917,112.6297,0.3534232,68.4199,-4.5309,50.918,55.2306,18.0208,15.229,27.5271,30.5164,35.3186,35.7177,50.7212,57.2313,34.1147,35.4254,41.0164,49.4355
2025-12-11,2025,12,11,233,Cal Poly,Cal Poly,BW,11.0,5-6,104.4223,110.0234,0.3525233,76.92,-3.4253,51.4162,54.8295,22.7354,16.3242,30.0208,27.575,38.2125,39.8272,47.9274,58.1328,36.661,33.5188,49.224,41.7236
2025-12-11,2025,12,11,234,Brown,Brown,Ivy,12.0,5-7,97.7339,103.295,0.3486234,67.0262,-5.4334,48.3251,47.98,19.3268,19.196,29.6219,30.9179,28.132,29.458,46.7297,50.5143,33.9158,29.237,37.2228,39.8187
2025-12-11,2025,12,11,235,Delaware,Delaware,CUSA,9.0,3-6,104.2232,110.0233,0.3485235,66.8269,-4.1292,54.678,50.4156,20.0294,15.7266,23.3352,30.5164,21.3361,30.879,50.8206,47.87,39.717,36.0273,43.1113,42.6264
2025-12-11,2025,12,11,236,Cal St. Northridge,CSUN,BW,10.0,5-5,105.2209,111.2269,0.3460236,73.417,-3.324,48.3251,52.8241,19.2265,15.03,32.514,29.212,33.1241,33.2129,50.422,54.4257,29.7294,34.1212,35.8252,47.7344
2025-12-11,2025,12,11,237,La Salle,La Salle,A10,10.0,4-6,102.1264,108.0186,0.3435237,65.8318,-4.631,47.2284,51.7206,20.431,17.8157,37.831,32.9239,34.8203,23.81,47.0294,52.1192,31.9229,34.1212,28.5355,41.3218
2025-12-11,2025,12,11,238,San Diego,San Diego,WCC,9.0,3-6,106.4182,112.6295,0.3433238,70.3106,-4.8314,49.223,54.9297,18.322,21.332,31.1178,40.3356,28.7311,44.7324,51.7181,54.7264,30.7268,36.9299,44.483,35.873
2025-12-11,2025,12,11,239,Chattanooga,Chattanooga,SC,10.0,5-5,106.2187,112.3291,0.3428239,65.3336,-3.4259,51.6159,53.5261,16.6132,15.1294,23.1353,34.128,38.8118,38.8243,54.1118,52.8206,32.8196,36.4292,50.116,38.3141
2025-12-11,2025,12,11,240,LIU,LIU,NEC,9.0,5-4,104.4221,110.5251,0.342024,70.4105,-1.8157,53.5101,53.2253,20.8319,18.7111,35.469,37.7336,37.3143,35.6174,52.8147,55.8293,37.052,32.1135,26.1364,34.344
2025-12-11,2025,12,11,241,Purdue Fort Wayne,Purdue Fort Wayne,Horz,12.0,6-6,105.9196,112.2289,0.3391241,70.0119,-3.2236,52.3137,59.8357,16.4118,20.649,24.8332,35.6308,26.3336,29.356,54.899,59.7342,32.7203,39.9354,44.197,46.3327
2025-12-11,2025,12,11,242,Eastern Kentucky,Eastern Kentucky,ASun,10.0,3-7,106.4183,112.8303,0.3376242,69.8129,-4.8316,48.3251,55.3307,18.322,14.5318,31.6161,31.8204,29.43,38.0231,51.419,55.9297,30.2283,36.3282,49.718,39.4175
2025-12-11,2025,12,11,243,Lindenwood,Lindenwood,OVC,10.0,6-4,102.0267,108.1189,0.3368243,72.528,-1.4136,45.5328,50.8166,18.9249,18.4126,33.1125,32.2215,41.076,39.6264,48.7253,48.593,25.7357,36.3282,30.834,38.4147
2025-12-11,2025,12,11,244,Eastern Michigan,Eastern Michigan,MAC,11.0,6-5,102.1265,108.4195,0.3346244,65.9316,-2.2182,49.6216,50.8166,18.2215,17.5171,29.7216,28.911,29.5296,28.952,48.4268,49.6126,34.8127,35.1244,31.0336,37.3116
2025-12-11,2025,12,11,245,Harvard,Harvard,Ivy,11.0,5-6,104.1234,110.525,0.3341245,65.3337,-4.3301,52.4128,54.3278,18.322,18.8108,26.5296,27.469,25.1345,27.637,51.8173,54.2253,35.593,36.3282,35.8252,41.3218
2025-12-11,2025,12,11,246,Buffalo,Buffalo,MAC,10.0,9-1,107.0166,113.7319,0.3314246,67.2251,-0.0564,56.34,53.6263,15.47,19.585,27.2277,31.4196,52.53,30.477,54.5106,55.7288,38.926,34.1212,44.976,45.5316
2025-12-11,2025,12,11,247,Western Michigan,Western Michigan,MAC,10.0,5-5,105.0211,111.7281,0.3301247,69.7132,-3.5264,52.1147,50.8166,19.6286,14.1332,29.0234,27.985,29.5296,39.025,51.8173,50.2137,35.2107,34.4225,33.8294,47.6343
2025-12-11,2025,12,11,248,Charleston Southern,Charleston Southern,BSth,12.0,7-5,101.228,107.8183,0.3275248,70.4103,-3.4258,50.6193,45.936,18.2215,12.5362,30.6188,29.8145,28.9308,38.8243,49.1246,47.058,34.7129,29.237,51.99,33.636
2025-12-11,2025,12,11,249,East Carolina,East Carolina,Amer,9.0,3-6,102.5256,109.2212,0.3259249,69.9121,-3.9288,45.0334,55.1303,19.9292,16.523,33.3116,27.985,43.745,35.5173,46.1307,54.1249,28.4322,37.6321,32.3319,42.0244
2025-12-11,2025,12,11,250,Houston Christian,Houston Christian,Slnd,9.0,5-4,105.9195,112.9304,0.324925,64.9345,-2.8217,53.5101,57.534,15.054,17.4178,28.0255,25.733,35.8173,28.65,55.094,56.2301,34.2143,39.6349,40.218,42.1248
2025-12-11,2025,12,11,251,Penn,Penn,Ivy,10.0,6-4,106.1189,113.131,0.3245251,70.2111,-2.4195,49.9208,52.5234,17.015,16.2251,31.1178,33.0243,36.2164,25.324,44.4333,54.1249,40.69,33.5188,33.5299,40.7207
2025-12-11,2025,12,11,252,SIU Edwardsville,SIUE,OVC,10.0,6-4,101.2283,108.1187,0.3195252,66.1307,-2.5203,47.3279,47.058,15.681,16.3242,31.8155,32.9239,30.8274,33.9148,47.9274,46.245,30.7268,32.0132,34.4286,47.7344
2025-12-11,2025,12,11,253,Wofford,Wofford,SC,10.0,6-4,102.9247,110.1239,0.3152253,68.9174,-2.1176,46.9292,52.1222,15.264,14.6312,30.3195,31.1188,41.271,30.273,47.9274,51.2161,30.4276,35.8268,44.878,34.445
2025-12-11,2025,12,11,254,Portland,Portland,WCC,10.0,6-4,103.7239,111.1265,0.3116254,69.912,-2.7214,55.169,51.8208,21.7344,16.7218,26.7288,29.212,37.7134,30.374,58.932,54.0245,31.5243,32.9171,33.0309,48.3351
2025-12-11,2025,12,11,255,Northern Arizona,Northern Arizona,BSky,9.0,4-5,102.4258,109.8232,0.3091255,67.7226,-2.9222,47.5275,51.5199,17.2157,17.8157,24.2339,32.823,27.3328,31.8104,46.9296,53.6231,32.4211,32.4149,34.1291,41.1214
2025-12-11,2025,12,11,256,Dartmouth,Dartmouth,Ivy,8.0,3-5,103.0245,110.5247,0.3083256,71.743,-3.7276,51.9154,52.8241,21.2331,14.3325,26.7288,26.654,39.497,24.313,49.2239,56.831,36.47,30.475,49.718,36.281
2025-12-11,2025,12,11,257,UNC Greensboro,UNC Greensboro,SC,10.0,2-8,104.223,111.9283,0.3072257,68.7185,-5.6344,50.0205,56.032,17.7188,13.9341,24.933,31.1188,47.52,29.764,50.6215,53.824,32.8196,39.1345,42.0137,44.3294
2025-12-11,2025,12,11,258,Norfolk St.,Norfolk St.,MEAC,11.0,4-7,98.3332,105.6137,0.3070258,66.3298,-4.23,44.7338,49.9143,18.322,16.6224,30.1202,33.6265,34.5209,45.9329,44.0341,57.4318,31.0259,27.013,27.5359,44.53
2025-12-11,2025,12,11,259,Tennessee St.,Tennessee St.,OVC,9.0,5-4,101.5272,109.0206,0.3062259,72.825,-1.9167,42.0358,54.8295,19.5281,19.973,35.371,29.4129,34.4211,51.2354,42.9354,59.3338,26.9352,31.4108,35.2268,36.792
2025-12-11,2025,12,11,260,Evansville,Evansville,MVC,10.0,4-6,100.73,108.219,0.304226,68.5194,-3.8282,46.7298,54.4285,18.9249,18.9104,27.4273,34.0278,40.286,36.3187,50.8206,53.5228,27.2346,37.1305,41.116,42.7266
2025-12-11,2025,12,11,261,Utah Tech,Utah Tech,WAC,11.0,5-6,102.0266,109.823,0.3018261,66.9266,-3.1232,49.9208,51.5199,18.4229,18.4126,28.3252,34.529,28.7311,33.0125,54.7101,56.0299,28.7316,28.732,41.116,34.242
2025-12-11,2025,12,11,262,Southeastern Louisiana,Southeastern Louisiana,Slnd,9.0,3-6,99.7311,107.3168,0.3000262,67.3245,-3.9285,44.2344,53.6263,18.5232,21.529,25.5321,29.212,41.174,51.0352,50.6215,55.2275,23.9363,33.8203,43.4106,36.078
2025-12-11,2025,12,11,263,Alabama St.,Alabama St.,SWAC,9.0,3-6,104.7214,112.8302,0.2989263,69.1165,-3.828,49.4223,54.7289,18.1213,18.214,29.4226,36.432,34.2215,39.025,46.6298,54.927,35.981,36.3282,37.8214,45.832
2025-12-11,2025,12,11,264,Texas Southern,Texas Southern,SWAC,7.0,1-6,102.3261,110.2243,0.2979264,71.26,-3.2238,45.832,57.9345,20.1299,15.7266,25.0328,35.6308,43.15,51.1353,44.7331,64.1363,32.4211,33.3185,29.5349,44.0288
2025-12-11,2025,12,11,265,UC Riverside,UC Riverside,BW,10.0,5-5,104.4222,112.5294,0.2978265,67.3247,-3.2234,53.1107,51.3191,20.2304,14.0336,26.9284,29.1116,41.174,37.2207,54.899,52.7204,33.5177,32.4149,37.0232,34.445
2025-12-11,2025,12,11,266,Central Arkansas,Central Arkansas,ASun,10.0,4-6,99.731,107.5176,0.2957266,70.1112,-3.627,49.3226,51.5199,18.322,17.9153,25.2327,25.531,27.3328,31.8104,53.0143,54.7264,30.5273,32.214,51.212,49.7357
2025-12-11,2025,12,11,267,Presbyterian,Presbyterian,BSth,12.0,6-6,100.6301,108.62,0.2949267,62.2364,-3.7275,46.8295,49.0109,21.0326,16.0257,36.75,32.2215,36.1168,37.9226,49.1246,49.1109,28.0329,32.5152,33.2307,37.4119
2025-12-11,2025,12,11,268,Princeton,Princeton,Ivy,13.0,3-10,99.5319,107.417,0.2942268,67.2252,-7.2361,47.7272,53.5261,18.9249,15.1294,26.2309,22.73,34.0218,41.2287,47.129,58.9334,32.2218,30.893,48.433,42.6264
2025-12-11,2025,12,11,269,Drexel,Drexel,CAA,10.0,4-6,100.9292,109.0207,0.2917269,65.9314,-4.6311,46.9292,49.7134,17.7188,14.731,36.947,28.293,30.5279,41.9296,45.1327,49.4116,33.3182,33.5188,37.6217,33.23
2025-12-11,2025,12,11,270,South Dakota,South Dakota,Sum,11.0,5-6,105.8199,114.3333,0.290727,72.037,-3.8281,47.9263,55.1303,18.8246,18.4126,36.157,32.823,46.628,36.6193,49.4236,57.2313,29.6295,33.1181,30.9337,28.63
2025-12-11,2025,12,11,271,Sacramento St.,Sacramento St.,BSky,10.0,4-6,102.9246,111.3277,0.2885271,73.119,-3.3246,42.1357,54.4285,18.0208,17.2194,31.0181,34.6293,41.076,37.6221,42.4356,59.1337,27.734,32.3144,35.5263,43.5279
2025-12-11,2025,12,11,272,Longwood,Longwood,BSth,11.0,6-5,103.724,112.2288,0.2879272,71.457,-3.7274,46.2308,56.2321,18.9249,21.234,32.3145,30.5164,51.95,37.5218,48.3271,58.2332,28.0329,36.0273,33.5299,46.5328
2025-12-11,2025,12,11,273,Merrimack,Merrimack,MAAC,12.0,6-6,101.627,110.0236,0.2852273,65.2338,-3.425,45.832,50.2148,15.47,20.359,23.6348,43.5363,35.1192,40.8282,46.1307,50.7146,30.3278,32.9171,49.029,31.718
2025-12-11,2025,12,11,274,Samford,Samford,SC,11.0,5-6,104.2231,113.1312,0.2793274,66.8271,-3.2235,47.7272,53.4258,14.024,14.6312,26.6291,29.6138,40.583,30.879,49.2239,50.8149,30.7268,38.8339,46.161,35.057
2025-12-11,2025,12,11,275,Nicholls St.,Nicholls,Slnd,9.0,2-7,100.3305,109.0208,0.2781275,69.1166,-4.1293,47.8267,55.8317,16.5125,19.294,25.3325,33.727,37.1147,42.9307,46.4301,55.528,33.2187,37.5317,42.313,39.1166
2025-12-11,2025,12,11,276,Wagner,Wagner,NEC,8.0,2-6,101.3279,110.0238,0.2774276,66.6284,-3.5268,50.7187,50.1146,21.3339,14.1332,31.9153,36.8329,29.3302,50.0347,46.2305,49.4116,39.123,34.2216,36.2246,37.3116
2025-12-11,2025,12,11,277,Appalachian St.,Appalachian St.,SB,10.0,5-5,100.7298,109.5222,0.2769277,63.2362,-3.5261,48.5249,50.2148,14.848,16.0257,29.5223,36.432,36.8155,39.1253,52.3161,51.2161,29.2304,32.7164,44.582,44.3294
2025-12-11,2025,12,11,278,Manhattan,Manhattan,MAAC,10.0,4-6,107.5154,116.935,0.2758278,69.6138,-3.7277,49.1234,54.7289,17.2157,16.3242,26.5296,39.7349,42.952,25.526,46.4301,53.3221,35.981,38.0329,36.8234,37.4119
2025-12-11,2025,12,11,279,Denver,Denver,Sum,10.0,4-6,108.913,118.4355,0.2758279,68.519,-2.6206,52.015,60.6361,16.3111,14.9304,29.6219,38.1341,36.3162,37.3211,51.12,58.1328,35.688,43.1365,38.8197,38.1139
2025-12-11,2025,12,11,280,UMBC,UMBC,AE,10.0,6-4,104.7215,113.9322,0.274128,67.5235,-2.2186,53.992,53.2253,19.5281,14.2331,26.4299,28.5103,29.5296,24.212,55.974,51.6172,34.1147,37.7323,41.3157,31.413
2025-12-11,2025,12,11,281,Sacred Heart,Sacred Heart,MAAC,9.0,3-6,106.1191,115.5341,0.2738281,70.1113,-4.1295,51.3165,59.8357,20.431,17.4178,30.6188,33.6265,31.9259,33.6138,47.2289,61.9356,36.564,38.3333,53.94,47.7344
2025-12-11,2025,12,11,282,Green Bay,Green Bay,Horz,11.0,4-7,104.7218,114.0326,0.2715282,66.031,-4.2299,48.7246,55.3307,16.3111,12.1363,22.8356,29.3126,44.44,43.5311,51.6186,59.0335,29.8292,33.5188,41.715,42.3258
2025-12-11,2025,12,11,283,Grambling St.,Grambling St.,SWAC,9.0,3-6,100.4303,109.5223,0.2694283,67.5234,-3.9287,49.6216,53.7266,23.0355,20.845,29.0234,36.3318,46.925,43.6315,48.7253,55.1273,34.3138,34.2216,34.6282,37.2114
2025-12-11,2025,12,11,284,Detroit Mercy,Detroit Mercy,Horz,10.0,4-6,103.5242,112.9305,0.2682284,69.5149,-3.6272,45.3331,53.927,16.2106,15.7266,33.2121,33.4261,28.7311,38.9248,48.3271,54.6263,26.5354,35.3249,34.8278,45.9322
2025-12-11,2025,12,11,285,USC Upstate,USC Upstate,BSth,11.0,6-5,100.9291,110.124,0.2679285,69.5143,-3.0227,49.1234,46.546,18.2215,16.2251,27.6265,33.3256,39.497,37.2207,50.9204,45.735,30.9261,32.1135,38.8197,33.23
2025-12-11,2025,12,11,286,UTSA,UTSA,Amer,9.0,4-5,100.4304,109.6229,0.2663286,69.7131,-3.426,41.9359,47.877,16.7137,14.8306,29.4226,36.3318,33.7228,35.9181,42.7355,47.87,27.3344,31.8122,47.74,45.1313
2025-12-11,2025,12,11,287,Tennessee Tech,Tennessee Tech,OVC,10.0,4-6,101.3275,111.1264,0.2577287,70.882,-3.5267,50.7187,53.8268,19.7289,16.523,25.4323,30.2155,31.1269,36.0183,52.8147,51.0154,31.3251,38.7337,35.127,40.0192
2025-12-11,2025,12,11,288,Jackson St.,Jackson St.,SWAC,9.0,1-8,99.6315,109.2214,0.2575288,69.713,-3.2233,42.3356,56.9331,22.6353,14.8306,22.9355,43.5363,24.1352,38.7241,39.8361,62.0357,30.2283,33.8203,45.766,45.7318
2025-12-11,2025,12,11,289,Cal St. Bakersfield,Cal St. Bakersfield,BW,10.0,4-6,102.825,112.7299,0.2575289,70.885,-3.5263,46.3306,53.4258,21.2331,18.3134,32.2149,39.4347,51.95,41.9296,47.0294,55.7288,29.6295,32.8169,28.7354,36.688
2025-12-11,2025,12,11,290,Alabama A&M,Alabama A&M,SWAC,8.0,4-4,101.0288,110.9258,0.253129,67.026,-1.9168,44.4341,52.6237,18.0208,17.4178,24.6335,33.225,36.7158,38.8243,41.5358,57.3315,33.6171,30.475,32.1322,39.6184
2025-12-11,2025,12,11,291,Tennessee Martin,Tennessee Martin,OVC,10.0,7-3,99.8309,109.6228,0.2524291,66.628,-1.2125,50.7187,49.2114,23.0355,18.214,33.7101,30.7173,47.123,43.5311,53.0143,52.4199,32.2218,29.652,49.718,40.0192
2025-12-11,2025,12,11,292,Long Beach St.,Long Beach St.,BW,11.0,2-9,103.0244,113.3314,0.2509292,67.7225,-6.6356,48.924,57.2337,17.8196,18.5119,31.8155,28.398,26.6334,47.1337,50.5219,58.1328,30.8265,37.2307,38.4208,37.3116
2025-12-11,2025,12,11,293,Mount St. Mary's,Mount St. Mary's,MAAC,10.0,2-8,100.929,111.0261,0.2507293,68.121,-5.2327,51.0177,51.3191,23.4361,13.535,26.8287,29.915,30.3283,41.5293,51.7181,51.0154,33.5177,34.5231,46.951,43.6281
2025-12-11,2025,12,11,294,Central Connecticut,Central Connecticut,NEC,9.0,5-4,98.3333,108.3194,0.2473294,66.8275,-2.1173,46.6299,49.8138,15.681,14.8306,26.3304,30.4159,31.5265,23.81,44.5332,47.974,34.1147,35.0242,32.5316,40.4199
2025-12-11,2025,12,11,295,Bucknell,Bucknell,Pat,12.0,3-9,99.2322,109.3215,0.2469295,67.1253,-6.2353,47.1288,56.4325,19.829,18.1146,28.0255,29.6138,31.7262,37.0202,46.53,53.2217,32.0226,40.3357,43.6102,44.6305
2025-12-11,2025,12,11,296,East Texas A&M,East Texas A&M,Slnd,9.0,5-4,98.8329,109.0209,0.2435296,69.3156,-1.8162,50.1202,54.0274,20.3306,19.779,22.7357,30.7173,31.7262,39.6264,51.5188,55.1273,32.4211,34.9239,47.346,37.6129
2025-12-11,2025,12,11,297,Boston University,Boston University,Pat,11.0,4-7,108.2144,119.4364,0.2433297,63.7359,-5.1324,55.464,56.6327,19.3268,15.4286,30.3195,31.9208,30.3283,36.8197,54.3112,55.528,37.84,38.8339,46.359,39.5179
2025-12-11,2025,12,11,298,Ball St.,Ball St.,MAC,10.0,3-7,99.6313,110.0237,0.2420298,65.4334,-5.6343,44.7338,53.8268,17.9203,19.875,28.7239,33.225,29.6295,24.717,44.4333,53.9244,30.0286,35.7263,42.6123,42.1248
2025-12-11,2025,12,11,299,Loyola Chicago,Loyola Chicago,A10,10.0,3-7,104.1233,115.0339,0.2419299,65.6326,-5.5338,50.1202,52.2225,18.7244,13.1356,30.1202,33.3256,39.792,31.7101,50.2224,48.284,33.3182,38.2331,47.641,43.8285
2025-12-11,2025,12,11,300,Jacksonville,Jacksonville,ASun,9.0,4-5,100.0308,110.5249,0.24153,66.2301,-2.6209,48.2256,56.7329,20.431,17.3186,31.3169,28.911,28.3317,46.233,49.1246,56.3302,31.3251,38.3333,42.812,36.383
2025-12-11,2025,12,11,301,Saint Peter's,Saint Peter's,MAAC,8.0,4-4,100.2306,110.7255,0.2408301,65.8322,-2.5202,44.8335,52.5234,16.7137,22.911,32.7134,36.933,30.0286,52.436,44.2337,50.6144,30.3278,36.9299,43.6102,39.919
2025-12-11,2025,12,11,302,Pepperdine,Pepperdine,WCC,10.0,3-7,99.1324,109.5224,0.2401302,67.3249,-5.6345,43.735,52.423,17.7188,16.7218,29.6219,31.9208,36.5161,26.631,46.2305,55.7288,26.9352,32.3144,42.4125,46.0324
2025-12-11,2025,12,11,303,Northwestern St.,Northwestern St.,Slnd,9.0,2-7,104.622,115.7344,0.2380303,66.4293,-4.1296,49.4223,57.9345,20.5316,16.8213,26.4299,40.0352,43.347,46.9336,47.3288,58.0325,35.3101,38.5336,37.5218,38.7153
2025-12-11,2025,12,11,304,Western Carolina,Western Carolina,SC,9.0,4-5,100.2307,111.0259,0.2358304,71.265,-2.6208,45.6326,56.2321,21.2331,16.3242,28.7239,25.937,29.7291,38.8243,48.4268,56.3302,27.6342,37.4314,40.1182,46.8331
2025-12-11,2025,12,11,305,Le Moyne,Le Moyne,NEC,10.0,5-5,107.0162,118.6357,0.2334305,68.9178,-3.5266,56.633,51.9213,20.3306,14.9304,28.0255,31.8204,39.1106,32.0109,54.3112,45.632,39.916,41.2363,42.0137,38.8158
2025-12-11,2025,12,11,306,Holy Cross,Holy Cross,Pat,11.0,5-6,102.2263,113.4316,0.2310306,66.1304,-3.5265,51.2166,55.7315,18.4229,14.5318,20.736,25.733,28.9308,26.631,53.413,62.2358,32.2218,31.4108,43.211,43.0274
2025-12-11,2025,12,11,307,Louisiana,Louisiana,SB,10.0,1-9,98.2335,109.2213,0.2288307,64.3352,-6.5355,44.2344,51.9213,21.3339,16.0257,27.6265,31.8204,29.2303,51.6358,45.2324,53.7237,28.632,32.7164,41.5152,38.916
2025-12-11,2025,12,11,308,Fairfield,Fairfield,MAAC,10.0,5-5,100.9293,112.3292,0.2248308,69.216,-3.4256,46.53,51.8208,15.577,15.5282,34.584,26.244,27.3328,35.317,45.8315,51.6172,31.9229,34.8237,36.6237,35.667
2025-12-11,2025,12,11,309,Bellarmine,Bellarmine,ASun,9.0,4-5,106.8172,119.1362,0.2226309,65.6329,-2.6207,56.243,61.3365,17.9203,17.5171,17.5365,36.6326,35.2189,40.0274,60.919,62.6362,32.6206,39.8352,39.6188,45.1313
2025-12-11,2025,12,11,310,Lehigh,Lehigh,Pat,11.0,3-8,100.7299,112.4293,0.219931,68.2208,-5.4332,49.223,51.2186,18.5232,18.6114,23.5349,37.9339,33.9221,39.3261,48.9249,52.0189,33.0191,32.7164,41.8146,27.32
2025-12-11,2025,12,11,311,Central Michigan,Central Michigan,MAC,9.0,3-6,102.4259,114.5335,0.2163311,66.9268,-4.2298,49.223,54.2276,18.9249,13.3354,33.3116,33.9277,27.4327,41.9296,49.8228,55.7288,31.9229,34.7235,35.2268,40.3198
2025-12-11,2025,12,11,312,Bryant,Bryant,AE,11.0,3-8,96.8344,108.5197,0.2127312,65.8323,-5.0323,44.534,49.8138,21.2331,14.0336,25.9315,32.1211,23.4356,24.92,46.0312,47.264,28.7316,36.228,51.511,35.564
2025-12-11,2025,12,11,313,Oral Roberts,Oral Roberts,Sum,11.0,4-7,102.426,114.8338,0.2103313,70.499,-4.5308,50.3198,56.6327,20.3306,16.6224,26.6291,36.0314,36.8155,39.7269,49.8228,56.6308,33.9158,37.8327,47.837,36.688
2025-12-11,2025,12,11,314,Morehead St.,Morehead St.,OVC,10.0,3-7,100.8296,113.3313,0.2065314,67.9216,-4.0289,45.4329,53.4258,20.6317,16.3242,34.485,40.936,32.725,36.9199,45.3323,55.9297,30.5273,33.5188,34.6282,44.2292
2025-12-11,2025,12,11,315,Cal St. Fullerton,Cal St. Fullerton,BW,11.0,4-7,99.7312,112.0286,0.2064315,75.44,-4.9319,48.0259,54.7289,14.23,16.9208,24.1342,24.72,34.8203,42.0301,51.2199,55.8293,28.4322,35.7263,37.2228,46.9334
2025-12-11,2025,12,11,316,Lafayette,Lafayette,Pat,11.0,3-8,98.9328,111.227,0.2060316,68.4198,-6.035,48.0259,52.1222,18.1213,14.6312,26.6291,34.8296,34.3213,31.7101,43.9343,54.2253,36.759,32.3144,36.4244,35.873
2025-12-11,2025,12,11,317,Little Rock,Little Rock,OVC,10.0,2-8,101.3276,114.1329,0.2031317,65.4332,-5.5339,48.924,61.2364,23.8363,18.5119,30.6188,36.6326,25.3343,31.086,46.0312,60.9352,37.249,41.0361,29.1353,46.6329
2025-12-11,2025,12,11,318,Northern Illinois,Northern Illinois,MAC,9.0,3-6,102.5254,115.6342,0.2002318,68.5193,-3.6271,47.8267,57.8343,23.0355,17.1197,35.566,34.7295,38.512,39.1253,47.129,59.9344,32.5208,36.6294,42.6123,40.9209
2025-12-11,2025,12,11,319,UMass Lowell,UMass Lowell,AE,11.0,4-7,100.8295,113.732,0.2001319,70.883,-4.3302,47.0291,54.5287,22.0349,16.1254,29.223,37.8337,45.433,29.254,48.825,53.1214,28.8311,38.0329,31.9327,37.1107
2025-12-11,2025,12,11,320,Albany,Albany,AE,11.0,3-8,100.8294,114.0323,0.196632,68.5195,-5.6342,46.131,54.7289,19.2265,16.7218,30.5191,39.835,27.5326,43.0308,50.3222,58.1328,26.5354,32.5152,39.6188,36.383
2025-12-11,2025,12,11,321,West Georgia,West Georgia,ASun,9.0,5-4,99.5317,112.6296,0.1949321,68.7184,-1.6149,46.4303,52.423,16.4118,16.3242,29.1233,32.4221,26.8331,34.5155,43.7345,55.7288,35.0113,31.198,30.7341,35.873
2025-12-11,2025,12,11,322,Cleveland St.,Cleveland St.,Horz,11.0,3-8,102.8249,116.6349,0.1907322,71.167,-5.7347,50.918,56.9331,21.2331,15.8261,31.2173,38.9346,44.44,35.2166,46.3304,59.8343,37.151,35.4254,49.125,44.1291
2025-12-11,2025,12,11,323,Mercyhurst,Mercyhurst,NEC,10.0,4-6,99.0326,112.229,0.1906323,64.7347,-3.9286,46.8295,49.613,17.015,19.779,28.6244,34.4287,25.2344,51.5355,48.7253,48.284,28.7316,34.6232,32.9312,39.4175
2025-12-11,2025,12,11,324,Prairie View A&M,Prairie View A&M,SWAC,9.0,4-5,99.532,113.0308,0.1885324,72.132,-2.922,42.7353,57.2337,15.786,21.136,24.7333,36.933,39.0109,50.0347,42.4356,56.4304,28.931,38.9343,30.9337,38.3141
2025-12-11,2025,12,11,325,Eastern Illinois,Eastern Illinois,OVC,9.0,2-7,98.0337,111.3276,0.1875325,66.429,-4.4304,44.3343,55.03,20.0294,17.3186,24.5336,40.2355,33.4234,33.5136,45.1327,62.536,28.4322,30.582,31.1334,44.7306
2025-12-11,2025,12,11,326,Florida A&M,Florida A&M,SWAC,6.0,1-5,99.2323,113.0307,0.1828326,71.169,-2.9221,45.7323,55.5312,23.6362,17.4178,25.7317,40.3356,33.8223,43.1309,43.3349,56.4304,33.3182,36.0273,35.127,39.1166
2025-12-11,2025,12,11,327,Southern Utah,Southern Utah,WAC,11.0,4-7,98.9327,113.0309,0.1777327,71.262,-4.5307,46.4303,59.0356,19.9292,15.6276,25.7317,32.5223,25.1345,24.92,51.5188,57.7322,25.1361,41.0361,36.8234,33.94
2025-12-11,2025,12,11,328,Howard,Howard,MEAC,11.0,6-5,98.633,112.7301,0.1770328,69.5144,-3.4257,47.1288,55.3307,19.0257,22.117,30.1202,33.225,39.989,36.7195,45.1327,55.6285,33.7165,36.6294,36.1247,34.751
2025-12-11,2025,12,11,329,Air Force,Air Force,MWC,11.0,3-8,97.2341,111.3274,0.1740329,65.0341,-6.6358,51.1173,51.9213,21.0326,17.02,25.9315,30.5164,44.44,35.6174,53.6125,53.6231,31.5243,32.616,39.8186,36.383
2025-12-11,2025,12,11,330,Arkansas Pine Bluff,Arkansas Pine Bluff,SWAC,11.0,1-10,99.6316,114.1327,0.173333,74.012,-5.233,45.4329,57.0335,20.1299,14.5318,26.6291,35.8311,29.43,47.4339,46.1307,57.4318,29.5297,37.6321,37.9212,42.526
2025-12-11,2025,12,11,331,Alcorn St.,Alcorn St.,SWAC,10.0,1-9,99.6314,114.4334,0.1697331,71.358,-5.0321,50.6193,58.235,24.8364,17.5171,28.4247,42.0362,25.1345,42.5305,47.7282,60.1345,37.348,36.7297,35.3266,37.4119
2025-12-11,2025,12,11,332,Southern Indiana,Southern Indiana,OVC,10.0,3-7,98.2336,112.73,0.1696332,71.551,-5.534,43.9348,49.5126,15.786,15.7266,25.0328,32.1211,36.8155,37.5218,45.6317,50.1136,27.8336,32.0132,42.313,30.07
2025-12-11,2025,12,11,333,North Carolina A&T,North Carolina A&T,CAA,8.0,4-4,98.0338,112.6298,0.1671333,70.788,-2.9219,49.3226,50.9171,21.1329,17.3186,31.0181,26.858,50.89,45.1325,51.419,49.2112,29.9289,36.0273,31.1334,35.258
2025-12-11,2025,12,11,334,VMI,VMI,SC,12.0,5-7,101.0289,116.5348,0.1619334,67.5236,-4.8317,45.6326,55.5312,16.9145,17.5171,29.6219,41.5361,33.3237,31.699,48.4268,56.4304,28.8311,36.3282,53.75,42.8268
2025-12-11,2025,12,11,335,North Florida,North Florida,ASun,9.0,2-7,100.6302,116.4346,0.1567335,71.939,-4.1294,52.2142,55.1303,21.9348,15.3288,20.3362,48.3365,23.2358,35.8178,51.12,61.0354,35.593,28.732,54.23,33.128
2025-12-11,2025,12,11,336,North Dakota,North Dakota,Sum,12.0,4-8,96.5346,111.8282,0.1563336,70.4101,-5.4331,45.832,58.9354,15.893,21.821,23.8345,32.1211,35.1192,45.5327,48.3271,62.536,27.734,36.228,37.0232,44.4297
2025-12-11,2025,12,11,337,New Hampshire,New Hampshire,AE,10.0,3-7,96.1348,111.4278,0.1543337,68.2207,-4.8315,43.735,53.2253,17.8196,15.6276,24.7333,30.3156,22.5359,39.6264,45.6317,53.3221,27.0347,35.3249,38.5206,37.6129
2025-12-11,2025,12,11,338,Maine,Maine,AE,12.0,1-11,92.5364,107.7178,0.1496338,64.9344,-8.5365,49.8211,49.613,23.0355,19.585,23.8345,38.7344,35.4181,37.1206,50.3222,54.0245,32.7203,28.225,35.7256,37.6129
2025-12-11,2025,12,11,339,Chicago St.,Chicago St.,NEC,10.0,1-9,100.8297,117.2352,0.1493339,68.5192,-5.1326,44.2344,60.7362,20.0294,18.3134,30.3195,38.7344,31.0273,41.7295,44.2337,66.1365,29.4298,37.3309,27.7358,53.0364
2025-12-11,2025,12,11,340,Georgia St.,Georgia St.,SB,10.0,1-9,94.036,109.5221,0.147434,70.884,-6.6357,38.9363,52.1222,19.0257,18.0149,26.2309,35.2303,33.3237,37.0202,39.936,52.9207,25.1361,33.8203,45.569,36.179
2025-12-11,2025,12,11,341,Stonehill,Stonehill,NEC,10.0,2-8,96.0349,112.0285,0.1462341,67.7227,-5.8348,47.3279,50.9171,20.9324,12.0364,27.4273,27.367,17.7365,36.5189,45.2324,52.7204,33.6171,31.9127,40.0184,36.91
2025-12-11,2025,12,11,342,Maryland Eastern Shore,Maryland Eastern Shore,MEAC,13.0,4-9,95.1354,111.1268,0.1432342,62.1365,-5.2329,45.9319,49.7134,25.4365,16.4238,30.1202,36.2315,20.9363,34.7158,47.8279,51.2161,28.1328,31.8122,34.2289,43.0274
2025-12-11,2025,12,11,343,NJIT,NJIT,AE,11.0,4-7,95.1355,111.1267,0.1431343,69.8126,-4.3303,46.0316,49.613,21.2331,14.6312,24.1342,36.5325,35.1192,34.0151,44.1339,50.4141,32.1223,32.3144,48.831,41.1214
2025-12-11,2025,12,11,344,Army,Army,Pat,11.0,4-7,99.5318,116.4345,0.1421344,67.6232,-5.0322,48.3251,55.03,17.9203,14.6312,26.3304,30.1154,26.0338,39.6264,50.8206,59.634,30.9261,33.2182,55.41,46.733
2025-12-11,2025,12,11,345,UMKC,Kansas City,Sum,10.0,1-9,94.5358,110.5252,0.1409345,69.8125,-6.7359,43.8349,54.7289,20.8319,18.5119,28.0255,37.8337,31.6264,33.0125,48.6261,56.13,22.5365,34.9239,32.3319,37.7133
2025-12-11,2025,12,11,346,Loyola MD,Loyola MD,Pat,11.0,4-7,101.3274,118.7358,0.1397346,68.3201,-5.4333,50.8183,55.5312,18.6241,16.523,28.0255,34.9299,34.6206,34.7158,56.461,57.632,29.1305,34.6232,44.292,35.873
2025-12-11,2025,12,11,347,New Haven,New Haven,NEC,11.0,5-6,94.8356,111.1263,0.1391347,64.5348,-3.8278,44.8335,52.2225,20.0294,17.9153,23.7347,28.189,29.5296,35.2166,48.7253,52.0189,25.236,35.0242,36.0249,41.3218
2025-12-11,2025,12,11,348,Rider,Rider,MAAC,9.0,1-8,94.5357,110.9257,0.1372348,66.9265,-4.932,38.1365,52.5234,22.4352,12.9358,33.2121,33.6265,30.8274,31.19,37.2364,53.7237,27.0347,33.8203,27.9357,39.4175
2025-12-11,2025,12,11,349,IU Indy,IU Indy,Horz,11.0,3-8,101.0285,118.936,0.1336349,79.11,-5.9349,51.2166,58.8352,16.5125,20.457,27.6265,39.6348,21.3361,44.4321,54.0119,61.1355,31.9229,36.3282,45.273,35.36
2025-12-11,2025,12,11,350,Stetson,Stetson,ASun,11.0,3-8,97.0342,115.034,0.123535,67.3248,-5.5337,47.3279,56.5326,19.4276,17.5171,24.2339,32.823,30.6278,27.739,47.5286,58.0325,31.4249,36.3282,43.899,41.8238
2025-12-11,2025,12,11,351,North Carolina Central,North Carolina Central,MEAC,12.0,3-9,95.7351,114.1331,0.1162351,67.0257,-4.9318,38.9363,57.9345,17.8196,16.7218,26.4299,37.9339,39.3103,46.6334,36.0365,59.5339,29.8292,37.5317,33.5299,48.9352
2025-12-11,2025,12,11,352,Saint Francis,Saint Francis,NEC,10.0,2-8,95.735,114.6336,0.1116352,71.455,-5.4335,44.4341,60.7362,21.7344,18.6114,26.3304,34.529,20.4364,32.9123,43.5347,64.9364,30.6272,37.3309,37.4221,47.1338
2025-12-11,2025,12,11,353,Binghamton,Binghamton,AE,10.0,3-7,97.7339,117.2351,0.1103353,66.1309,-5.7346,45.7323,52.6237,22.0349,12.9358,28.6244,33.225,49.114,31.19,49.4236,55.4277,25.4359,31.8122,33.3304,36.792
2025-12-11,2025,12,11,354,Canisius,Canisius,MAAC,10.0,4-6,95.6353,114.7337,0.1098354,64.535,-4.029,45.2333,52.9247,21.5343,13.4352,29.9211,31.3193,37.9133,36.5189,43.5347,60.2346,32.1223,30.475,37.3223,49.6356
2025-12-11,2025,12,11,355,Western Illinois,Western Illinois,OVC,10.0,3-7,98.3334,118.2354,0.1071355,65.7325,-5.2328,45.7323,56.833,18.322,13.6348,27.9262,33.5263,36.7158,35.2166,44.3335,54.7264,32.5208,39.7351,30.7341,42.927
2025-12-11,2025,12,11,356,Delaware St.,Delaware St.,MEAC,11.0,3-8,92.7363,111.628,0.1059356,68.2204,-6.1352,39.2362,58.9354,18.8246,19.196,24.3338,26.142,25.9339,35.0164,38.2363,60.5349,27.8336,37.5317,28.4356,39.2169
2025-12-11,2025,12,11,357,Louisiana Monroe,Louisiana Monroe,SB,10.0,3-7,96.7345,116.4347,0.1058357,71.074,-5.4336,47.3279,55.431,17.8196,15.6276,24.2339,35.6308,33.4234,25.022,48.6261,55.528,30.4276,36.8298,40.9166,38.7153
2025-12-11,2025,12,11,358,Niagara,Niagara,MAAC,9.0,2-7,94.2359,113.6318,0.1040358,65.3335,-5.1325,46.2308,54.3278,19.5281,16.523,20.8358,31.3193,33.1241,39.2257,47.7282,52.2195,29.3301,38.2331,40.8169,40.6205
2025-12-11,2025,12,11,359,South Carolina St.,South Carolina St.,MEAC,10.0,0-10,93.7361,114.133,0.0939359,70.979,-7.2362,41.636,56.2321,21.0326,17.2194,31.3169,39.9351,39.0109,47.4339,39.5362,60.2346,30.7268,33.7201,32.1322,42.1248
2025-12-11,2025,12,11,360,The Citadel,The Citadel,SC,10.0,3-7,99.5321,121.6365,0.090636,65.6328,-6.1351,47.8267,58.8352,16.4118,12.0364,28.0255,33.3256,32.1257,33.3132,50.9204,58.6333,29.1305,39.3347,42.4125,41.523
2025-12-11,2025,12,11,361,Fairleigh Dickinson,Fairleigh Dickinson,NEC,10.0,2-8,97.0343,118.6356,0.0897361,69.2164,-5.5341,46.131,60.4359,19.829,16.3242,30.1202,31.7203,28.0322,36.9199,45.4321,57.632,31.3251,42.6364,50.215,44.4297
2025-12-11,2025,12,11,362,Gardner Webb,Gardner Webb,BSth,11.0,0-11,95.6352,117.5353,0.0854362,72.922,-8.0364,46.3306,60.4359,21.2331,14.3325,26.1314,33.225,32.725,33.6138,44.3335,62.3359,32.8196,38.7337,41.0164,44.0288
2025-12-11,2025,12,11,363,Morgan St.,Morgan St.,MEAC,9.0,1-8,96.5347,119.3363,0.0802363,69.5146,-6.836,43.0352,57.3339,17.6185,17.02,31.5162,33.727,39.792,59.2365,44.0341,60.4348,27.0347,35.2246,29.2351,41.3218
2025-12-11,2025,12,11,364,Coppin St.,Coppin St.,MEAC,13.0,2-11,92.7362,118.7359,0.0553364,69.9122,-7.6363,42.6354,56.9331,22.0349,15.7266,27.5271,36.933,35.1192,40.2277,43.0353,57.7322,27.9333,37.3309,32.9312,47.0336
2025-12-11,2025,12,11,365,Mississippi Valley St.,Mississippi Valley St.,SWAC,10.0,1-9,90.3365,118.9361,0.0405365,68.9172,-6.3354,42.4355,57.0335,23.236,14.5318,26.3304,38.1341,28.831,52.0359,43.2351,57.8324,27.0347,37.5317,29.8348,48.235
