Relative Ranking,Team,O-Rate,D-Rate,Relative Rating,Opponent Adjust,Pace Adjust,Off Rank,Def Rank,True Tempo,Tempo Rank,Injury Rank,Home Rank,Roster Rank,Kill Shots Per Game,Kill Shots Conceded Per Game,Kill Shots Margin Per Game,Total Kill Shots,Total Kill Shots Conceded,D1 Wins,D1 Losses,scrape_time_utc
1,Michigan,15.4,16.6,32.0,0.03,0.03,8,2,73.5,11,1,25,1,1.45,0.10,1.35,29,2,19,1,2026-01-28T18:41:45.954462
2,Arizona,15.7,15.7,31.4,0.03,-0.05,6,4,72.7,21,2,58,5,1.14,0.05,1.10,24,1,21,0,2026-01-28T18:41:45.954462
3,Duke,16.0,15.3,31.3,-0.05,-0.05,5,5,68.7,204,3,276,3,1.20,0.30,0.90,24,6,19,1,2026-01-28T18:41:45.954462
4,Michigan St.,13.0,17.6,30.7,0.03,-0.05,20,1,67.5,283,4,88,18,0.81,0.14,0.67,17,3,19,2,2026-01-28T18:41:45.954462
5,Houston,14.5,16.0,30.5,-0.05,0.03,13,3,65.6,355,5,44,6,1.21,0.32,0.89,23,6,17,2,2026-01-28T18:41:45.954462
6,Connecticut,14.8,14.5,29.4,0.03,0.03,9,6,66.4,318,6,260,7,0.48,0.19,0.29,10,4,20,1,2026-01-28T18:41:45.954462
7,Illinois,18.9,9.8,28.7,-0.05,-0.05,2,20,68.2,239,10,198,8,0.95,0.15,0.80,19,3,17,3,2026-01-28T18:41:45.954462
8,Purdue,19.7,8.5,28.2,-0.05,0.03,1,33,66.3,327,7,173,2,1.05,0.48,0.57,22,10,17,4,2026-01-28T18:41:45.954462
9,Iowa St.,13.7,13.6,27.3,0.03,0.03,17,9,69.5,156,8,18,11,1.30,0.30,1.00,26,6,18,2,2026-01-28T18:41:45.954462
10,Florida,13.5,13.1,26.6,0.03,-0.05,18,11,71.5,50,9,130,4,0.90,0.05,0.85,18,1,14,6,2026-01-28T18:41:45.954462
11,Nebraska,12.2,13.9,26.1,0.03,-0.05,24,7,68.4,219,11,194,29,1.10,0.24,0.86,23,5,20,1,2026-01-28T18:41:45.954462
12,Gonzaga,11.9,13.6,25.5,-0.05,-0.05,28,8,72.0,32,25,223,13,1.41,0.36,1.05,31,8,21,1,2026-01-28T18:41:45.954462
13,Vanderbilt,14.7,10.0,24.7,0.03,-0.05,10,19,71.6,45,12,112,12,1.05,0.19,0.86,22,4,18,3,2026-01-28T18:41:45.954462
14,Kansas,11.5,13.1,24.6,-0.05,-0.05,32,10,68.6,210,14,7,16,0.55,0.20,0.35,11,4,15,5,2026-01-28T18:41:45.954462
15,BYU,14.7,9.7,24.4,-0.05,0.03,11,21,71.2,59,13,22,359,0.68,0.37,0.32,13,7,17,3,2026-01-28T18:41:45.954462
16,Texas Tech,15.7,8.1,23.7,0.03,0.03,7,37,68.9,195,16,95,17,0.75,0.35,0.40,15,7,16,4,2026-01-28T18:41:45.954462
17,Alabama,16.1,7.5,23.6,-0.05,0.03,3,43,74.7,3,15,246,9,0.50,0.30,0.20,10,6,14,6,2026-01-28T18:41:45.954462
18,Virginia,14.2,9.3,23.5,0.03,-0.05,14,27,67.3,293,17,137,24,1.20,0.25,0.95,24,5,17,3,2026-01-28T18:41:45.954462
19,Arkansas,16.1,7.2,23.3,0.03,-0.05,4,48,72.0,31,18,3,15,0.95,0.24,0.71,20,5,16,5,2026-01-28T18:41:45.954462
20,St. John's,12.1,11.1,23.2,-0.05,0.03,25,16,71.9,35,19,313,14,0.70,0.15,0.55,14,3,15,5,2026-01-28T18:41:45.954462
21,Tennessee,10.6,12.5,23.1,-0.05,-0.05,42,13,67.7,267,21,14,22,0.79,0.16,0.63,15,3,13,6,2026-01-28T18:41:45.954462
22,Iowa,12.4,10.6,23.0,-0.05,-0.05,23,17,66.1,330,20,89,26,0.84,0.42,0.42,16,8,14,5,2026-01-28T18:41:45.954462
23,N.C. State,12.8,9.7,22.5,-0.05,0.03,21,22,70.4,100,22,262,21,1.14,0.43,0.71,24,9,15,6,2026-01-28T18:41:45.954462
24,Louisville,13.4,9.0,22.4,-0.05,0.03,19,29,71.3,58,23,84,10,1.20,0.30,0.90,24,6,14,6,2026-01-28T18:41:45.954462
25,Saint Louis,10.6,9.6,20.3,0.03,-0.05,41,24,72.8,17,24,81,45,1.30,0.15,1.15,26,3,19,1,2026-01-28T18:41:45.954462
26,Ohio St.,14.2,5.6,19.7,-0.05,-0.05,15,63,68.4,222,30,98,19,0.75,0.40,0.35,15,8,14,6,2026-01-28T18:41:45.954462
27,North Carolina,11.9,7.6,19.5,-0.05,0.03,29,40,69.9,132,26,13,28,0.85,0.35,0.50,17,7,16,4,2026-01-28T18:41:45.954462
28,Auburn,13.7,5.7,19.5,-0.05,-0.05,16,58,69.5,157,27,56,27,0.65,0.40,0.25,13,8,13,7,2026-01-28T18:41:45.954462
29,Texas,14.5,4.6,19.1,0.03,0.03,12,76,68.4,220,28,92,30,0.42,0.21,0.21,8,4,11,8,2026-01-28T18:41:45.954462
30,Georgia,10.9,7.7,18.6,-0.05,0.03,38,39,74.3,5,29,82,32,1.15,0.35,0.80,23,7,16,4,2026-01-28T18:41:45.954462
31,Kentucky,9.2,9.2,18.4,-0.05,0.03,51,28,70.1,118,38,26,20,0.76,0.29,0.48,16,6,14,7,2026-01-28T18:41:45.954462
32,Clemson,7.0,11.2,18.2,-0.05,0.03,67,15,66.3,326,31,116,42,0.71,0.14,0.57,15,3,17,4,2026-01-28T18:41:45.954462
33,Texas A&M,11.3,6.9,18.2,0.03,-0.05,35,49,72.8,19,32,96,41,1.05,0.40,0.65,21,8,16,4,2026-01-28T18:41:45.954462
34,UCLA,10.2,7.7,17.9,0.03,0.03,43,38,66.6,313,41,68,23,0.70,0.45,0.25,14,9,14,6,2026-01-28T18:41:45.954462
35,Utah St.,11.8,6.0,17.8,0.03,-0.05,30,55,69.1,181,33,293,43,0.72,0.28,0.44,13,5,15,3,2026-01-28T18:41:45.954462
36,Indiana,11.3,6.4,17.7,-0.05,0.03,34,53,68.4,226,35,77,33,0.52,0.38,0.14,11,8,14,7,2026-01-28T18:41:45.954462
37,SMU,12.1,5.6,17.6,-0.05,0.03,26,62,70.7,81,34,174,31,0.85,0.35,0.50,17,7,15,5,2026-01-28T18:41:45.954462
38,Miami FL,9.4,8.2,17.6,-0.05,0.03,47,34,70.3,108,36,250,25,0.95,0.20,0.75,19,4,16,4,2026-01-28T18:41:45.954462
39,Villanova,10.0,7.6,17.6,-0.05,-0.05,44,41,65.7,351,37,264,47,0.60,0.40,0.20,12,8,15,5,2026-01-28T18:41:45.954462
40,TCU,7.2,10.3,17.5,0.03,0.03,63,18,69.4,162,42,265,44,0.65,0.25,0.40,13,5,13,7,2026-01-28T18:41:45.954462
41,Saint Mary's,8.5,8.9,17.4,-0.05,-0.05,52,30,66.6,314,39,93,50,0.67,0.14,0.52,14,3,18,3,2026-01-28T18:41:45.954462
42,Wisconsin,11.7,5.2,16.9,-0.05,0.03,31,67,70.3,109,40,220,38,0.75,0.25,0.50,15,5,14,6,2026-01-28T18:41:45.954462
43,New Mexico,5.9,9.4,15.3,0.03,-0.05,76,25,71.0,71,47,210,83,0.90,0.20,0.70,18,4,16,4,2026-01-28T18:41:45.954462
44,Santa Clara,9.3,5.9,15.2,0.03,-0.05,48,56,70.7,85,43,147,70,0.76,0.48,0.29,16,10,16,5,2026-01-28T18:41:45.954462
45,LSU,10.8,4.2,14.9,-0.05,-0.05,39,81,68.6,205,44,160,46,0.79,0.11,0.68,15,2,13,7,2026-01-28T18:41:45.954462
46,Washington,8.3,6.6,14.8,-0.05,0.03,55,52,68.8,199,45,136,36,0.75,0.30,0.45,15,6,11,9,2026-01-28T18:41:45.954462
47,Cincinnati,2.1,12.5,14.6,0.03,-0.05,130,12,69.2,173,46,10,34,0.90,0.40,0.50,18,8,10,10,2026-01-28T18:41:45.954462
48,Baylor,12.7,1.6,14.3,-0.05,0.03,22,129,69.8,141,49,171,360,0.67,0.56,0.11,12,10,10,8,2026-01-28T18:41:45.954462
49,Oklahoma,11.4,2.2,13.6,-0.05,0.03,33,113,68.7,202,48,65,39,0.57,0.33,0.24,12,7,11,10,2026-01-28T18:41:45.954462
50,USC,5.9,7.5,13.4,-0.05,-0.05,77,42,70.7,88,55,237,35,0.58,0.37,0.21,11,7,14,5,2026-01-28T18:41:45.954462
51,San Diego St.,3.7,9.7,13.4,-0.05,-0.05,105,23,69.6,153,50,226,51,0.69,0.44,0.25,11,7,13,5,2026-01-28T18:41:45.954462
52,UCF,9.7,3.4,13.1,-0.05,-0.05,45,99,70.8,79,51,120,59,0.65,0.60,0.05,13,12,16,4,2026-01-28T18:41:45.954462
53,VCU,9.5,3.5,13.1,-0.05,0.03,46,95,70.3,110,56,252,57,0.52,0.38,0.14,11,8,15,6,2026-01-28T18:41:45.954462
54,Boise St.,7.2,5.7,12.9,-0.05,0.03,64,59,67.7,270,52,253,81,0.44,0.56,-0.11,8,10,12,7,2026-01-28T18:41:45.954462
55,Seton Hall,1.2,11.6,12.8,0.03,0.03,146,14,67.2,296,53,308,68,0.68,0.26,0.42,13,5,14,6,2026-01-28T18:41:45.954462
56,Yale,10.7,2.0,12.7,0.03,0.03,40,120,68.0,249,54,179,72,0.50,0.06,0.44,8,1,13,3,2026-01-28T18:41:45.954462
57,Missouri,8.4,4.1,12.5,-0.05,0.03,54,82,68.3,227,58,57,37,0.71,0.38,0.33,15,8,14,7,2026-01-28T18:41:45.954462
58,George Washington,9.3,3.1,12.4,0.03,0.03,49,103,71.1,66,57,108,54,0.70,0.40,0.30,14,8,12,8,2026-01-28T18:41:45.954462
59,Creighton,9.2,2.9,12.1,-0.05,0.03,50,104,68.0,251,59,213,48,0.71,0.57,0.14,15,12,12,9,2026-01-28T18:41:45.954462
60,Virginia Tech,6.3,5.9,12.1,0.03,0.03,73,57,69.1,182,63,55,63,0.82,0.27,0.55,18,6,16,6,2026-01-28T18:41:45.954462
61,South Florida,6.6,5.2,11.8,0.03,-0.05,69,66,73.3,14,60,315,49,0.58,0.37,0.21,11,7,12,7,2026-01-28T18:41:45.954462
62,Tulsa,11.2,0.5,11.7,0.03,-0.05,36,154,69.5,161,67,75,78,1.00,0.17,0.83,18,3,15,3,2026-01-28T18:41:45.954462
63,West Virginia,4.1,7.4,11.5,-0.05,-0.05,99,45,65.1,360,61,1,53,0.86,0.33,0.52,18,7,14,7,2026-01-28T18:41:45.954462
64,Akron,11.0,0.5,11.5,-0.05,-0.05,37,150,72.1,28,62,327,67,0.68,0.16,0.53,13,3,15,4,2026-01-28T18:41:45.954462
65,Belmont,7.5,3.9,11.4,0.03,-0.05,60,86,70.6,90,71,364,82,1.10,0.45,0.65,22,9,17,3,2026-01-28T18:41:45.954462
66,McNeese,6.5,4.8,11.3,-0.05,-0.05,71,73,68.4,223,64,39,58,0.89,0.42,0.47,17,8,15,4,2026-01-28T18:41:45.954462
67,Northwestern,7.3,3.9,11.2,-0.05,0.03,62,87,67.2,300,65,175,60,0.65,0.25,0.40,13,5,9,11,2026-01-28T18:41:45.954462
68,Butler,7.6,3.5,11.1,-0.05,0.03,58,94,71.0,69,66,186,71,0.65,0.35,0.30,13,7,13,7,2026-01-28T18:41:45.954462
69,Mississippi,4.8,6.1,10.9,-0.05,0.03,87,54,67.4,290,68,258,61,0.40,0.25,0.15,8,5,11,9,2026-01-28T18:41:45.954462
70,Dayton,2.0,8.8,10.7,0.03,0.03,132,31,69.4,166,69,45,69,0.57,0.48,0.10,12,10,14,7,2026-01-28T18:41:45.954462
71,Wake Forest,5.4,5.2,10.6,-0.05,0.03,80,68,70.3,106,70,219,65,0.48,0.48,0.00,10,10,11,10,2026-01-28T18:41:45.954462
72,Oregon,6.0,4.5,10.5,-0.05,0.03,75,77,67.8,260,121,52,40,0.30,0.45,-0.15,6,9,8,12,2026-01-28T18:41:45.954462
73,Providence,11.9,-1.6,10.3,0.03,-0.05,27,209,72.3,24,72,218,56,0.52,0.43,0.10,11,9,9,12,2026-01-28T18:41:45.954462
74,Grand Canyon,0.8,9.4,10.1,0.03,0.03,152,26,69.4,165,75,254,91,0.63,0.37,0.26,12,7,13,7,2026-01-28T18:41:45.954462
75,Syracuse,4.4,5.6,10.0,-0.05,-0.05,95,61,69.7,152,73,248,55,0.71,0.33,0.38,15,7,12,9,2026-01-28T18:41:45.954462
76,Nevada,5.3,4.6,9.9,0.03,-0.05,81,74,67.5,284,74,124,99,0.43,0.19,0.24,9,4,15,6,2026-01-28T18:41:45.954462
77,George Mason,6.1,3.7,9.8,0.03,0.03,74,93,66.1,329,80,72,96,0.63,0.26,0.37,12,5,17,2,2026-01-28T18:41:45.954462
78,Oklahoma St.,7.1,2.2,9.4,0.03,0.03,66,112,73.5,12,76,150,64,0.70,0.35,0.35,14,7,14,6,2026-01-28T18:41:45.954462
79,California,3.8,5.5,9.2,-0.05,0.03,102,64,68.9,190,79,105,74,1.05,0.63,0.42,20,12,14,5,2026-01-28T18:41:45.954462
80,Mississippi St.,4.0,5.1,9.1,-0.05,-0.05,100,70,70.4,103,77,268,52,0.25,0.50,-0.25,5,10,10,10,2026-01-28T18:41:45.954462
81,San Francisco,4.6,4.4,9.0,0.03,0.03,89,78,67.4,289,78,335,75,0.38,0.29,0.10,8,6,12,9,2026-01-28T18:41:45.954462
82,Minnesota,3.6,5.1,8.7,-0.05,0.03,107,69,65.5,356,81,83,361,0.85,0.45,0.40,17,9,10,10,2026-01-28T18:41:45.954462
83,Colorado,7.1,1.5,8.7,0.03,0.03,65,131,70.3,105,82,155,90,0.35,0.35,0.00,7,7,12,8,2026-01-28T18:41:45.954462
84,Illinois St.,3.7,4.8,8.6,-0.05,0.03,103,72,68.3,232,83,5,93,0.60,0.40,0.20,12,8,13,7,2026-01-28T18:41:45.954462
85,Kansas St.,5.1,3.3,8.4,-0.05,0.03,85,100,72.2,26,100,333,66,0.48,0.48,0.00,10,10,10,11,2026-01-28T18:41:45.954462
86,Miami OH,7.6,0.6,8.2,0.03,0.03,57,148,71.5,47,84,284,88,0.72,0.28,0.44,13,5,18,0,2026-01-28T18:41:45.954462
87,Stephen F. Austin,2.5,5.7,8.2,0.03,-0.05,116,60,67.7,269,85,306,115,0.58,0.00,0.58,11,0,16,3,2026-01-28T18:41:45.954462
88,Xavier,4.6,3.5,8.1,-0.05,0.03,90,96,71.7,38,86,228,85,0.65,0.40,0.25,13,8,11,9,2026-01-28T18:41:45.954462
89,Notre Dame,4.8,3.2,8.1,-0.05,-0.05,86,102,67.0,304,99,285,76,0.57,0.33,0.24,12,7,11,10,2026-01-28T18:41:45.954462
90,Liberty,6.6,1.4,7.9,-0.05,0.03,70,133,66.0,337,87,127,87,0.71,0.53,0.18,12,9,14,3,2026-01-28T18:41:45.954462
91,South Carolina,4.6,3.3,7.8,-0.05,-0.05,93,101,67.5,282,95,80,86,0.45,0.45,0.00,9,9,11,9,2026-01-28T18:41:45.954462
92,Arizona St.,6.4,1.3,7.7,0.03,0.03,72,134,71.2,62,90,235,77,0.52,0.43,0.10,11,9,11,10,2026-01-28T18:41:45.954462
93,Wichita St.,4.1,3.4,7.5,0.03,0.03,96,97,67.6,278,88,51,104,0.90,0.40,0.50,18,8,12,8,2026-01-28T18:41:45.954462
94,Florida Atlantic,4.0,3.4,7.4,-0.05,0.03,101,98,71.6,44,89,23,108,0.68,0.42,0.26,13,8,12,7,2026-01-28T18:41:45.954462
95,Murray St.,7.8,-0.6,7.2,0.03,-0.05,56,183,72.8,18,91,62,103,0.76,0.38,0.38,16,8,16,5,2026-01-28T18:41:45.954462
96,Troy,5.2,1.9,7.1,0.03,-0.05,83,122,68.5,211,92,140,118,0.63,0.47,0.16,12,9,13,6,2026-01-28T18:41:45.954462
97,Georgetown,4.7,2.4,7.0,0.03,-0.05,88,110,68.0,247,93,328,62,0.65,0.45,0.20,13,9,10,10,2026-01-28T18:41:45.954462
98,High Point,7.5,-0.5,7.0,-0.05,-0.05,59,176,70.3,104,94,15,79,1.00,0.16,0.84,19,3,15,4,2026-01-28T18:41:45.954462
99,Hawaii,-0.6,7.4,6.8,-0.05,0.03,181,44,70.0,127,96,221,105,0.75,0.25,0.50,12,4,13,4,2026-01-28T18:41:45.954462
100,Marquette,2.4,4.4,6.8,-0.05,-0.05,119,79,71.1,67,97,63,80,0.55,0.55,0.00,12,12,8,14,2026-01-28T18:41:45.954462
101,Stanford,2.5,4.2,6.7,0.03,0.03,117,80,69.3,169,98,202,94,0.50,0.55,-0.05,10,11,14,6,2026-01-28T18:41:45.954462
102,DePaul,1.2,5.4,6.6,-0.05,-0.05,145,65,68.5,215,103,214,84,0.50,0.30,0.20,10,6,12,8,2026-01-28T18:41:45.954462
103,Pittsburgh,5.2,1.0,6.3,-0.05,0.03,82,140,66.4,324,101,326,73,0.62,0.67,-0.05,13,14,9,12,2026-01-28T18:41:45.954462
104,Utah Valley,2.3,3.9,6.2,0.03,0.03,120,88,70.8,78,102,9,106,0.67,0.06,0.61,12,1,12,6,2026-01-28T18:41:45.954462
105,Florida St.,4.6,1.6,6.1,-0.05,-0.05,92,130,72.7,20,104,238,89,0.70,0.70,0.00,14,14,8,12,2026-01-28T18:41:45.954462
106,Memphis,-1.3,7.2,6.0,0.03,-0.05,192,47,70.5,93,106,34,92,0.37,0.47,-0.11,7,9,9,10,2026-01-28T18:41:45.954462
107,Northern Iowa,-3.1,8.7,5.6,0.03,0.03,237,32,64.9,363,105,206,107,0.40,0.45,-0.05,8,9,12,8,2026-01-28T18:41:45.954462
108,Colorado St.,6.9,-1.7,5.2,-0.05,0.03,68,211,65.1,361,107,61,102,0.47,0.32,0.16,9,6,11,8,2026-01-28T18:41:45.954462
109,UNC Wilmington,3.2,1.9,5.0,0.03,-0.05,110,123,66.4,323,108,204,116,0.53,0.47,0.05,10,9,16,3,2026-01-28T18:41:45.954462
110,Rhode Island,0.3,4.6,5.0,0.03,0.03,159,75,68.2,240,109,344,110,0.48,0.33,0.14,10,7,13,8,2026-01-28T18:41:45.954462
111,Maryland,3.1,1.8,4.8,-0.05,0.03,113,126,69.3,167,116,162,95,0.45,0.85,-0.40,9,17,8,12,2026-01-28T18:41:45.954462
112,UC San Diego,2.3,2.5,4.8,0.03,0.03,122,109,69.2,178,110,360,141,0.47,0.26,0.21,9,5,13,6,2026-01-28T18:41:45.954462
113,Georgia Tech,0.5,3.9,4.5,0.03,0.03,155,85,70.9,73,111,357,98,0.57,0.33,0.24,12,7,11,10,2026-01-28T18:41:45.954462
114,UAB,2.2,2.2,4.4,-0.05,-0.05,128,111,71.2,63,112,314,113,0.42,0.32,0.11,8,6,11,8,2026-01-28T18:41:45.954462
115,Utah,5.9,-1.6,4.2,0.03,-0.05,78,207,70.2,111,113,90,100,0.30,0.25,0.05,6,5,9,11,2026-01-28T18:41:45.954462
116,Duquesne,2.1,2.0,4.2,-0.05,-0.05,129,119,71.3,55,114,288,97,0.44,0.56,-0.11,8,10,9,9,2026-01-28T18:41:45.954462
117,Hofstra,4.4,-0.5,4.0,0.03,-0.05,94,175,66.7,311,115,303,136,0.26,0.37,-0.11,5,7,11,8,2026-01-28T18:41:45.954462
118,East Tennessee St.,1.7,2.2,3.9,-0.05,0.03,136,115,67.6,274,117,8,125,0.89,0.47,0.42,17,9,13,6,2026-01-28T18:41:45.954462
119,UC Irvine,-4.2,8.1,3.9,-0.05,0.03,267,36,70.0,128,118,352,131,0.42,0.21,0.21,8,4,12,7,2026-01-28T18:41:45.954462
120,Sam Houston St.,2.3,1.6,3.9,-0.05,-0.05,125,128,71.4,52,119,216,362,0.35,0.29,0.06,6,5,10,7,2026-01-28T18:41:45.954462
121,Wyoming,3.2,0.5,3.8,-0.05,0.03,109,149,68.2,234,122,69,122,0.37,0.47,-0.11,7,9,11,8,2026-01-28T18:41:45.954462
122,North Dakota St.,3.1,0.4,3.5,0.03,0.03,111,155,67.8,257,120,322,149,0.60,0.45,0.15,12,9,15,5,2026-01-28T18:41:45.954462
123,Winthrop,2.9,0.1,3.1,0.03,0.03,114,163,71.1,64,123,256,144,0.55,0.55,0.00,11,11,12,8,2026-01-28T18:41:45.954462
124,Seattle,-5.1,8.2,3.0,0.03,0.03,278,35,69.2,174,124,134,145,0.50,0.25,0.25,10,5,12,8,2026-01-28T18:41:45.954462
125,Penn St.,4.6,-1.7,2.9,-0.05,0.03,91,213,68.9,193,125,100,114,0.80,0.70,0.10,16,14,9,11,2026-01-28T18:41:45.954462
126,Boston College,-4.0,6.8,2.8,0.03,0.03,259,50,67.8,264,126,149,112,0.37,0.42,-0.05,7,8,9,11,2026-01-28T18:41:45.954462
127,Richmond,2.4,0.3,2.8,-0.05,-0.05,118,156,68.8,198,127,195,109,0.62,0.24,0.38,13,5,12,9,2026-01-28T18:41:45.954462
128,Bradley,1.7,1.0,2.7,-0.05,0.03,138,142,69.4,164,128,46,121,0.62,0.38,0.24,13,8,13,8,2026-01-28T18:41:45.954462
129,St. Thomas,2.9,-0.3,2.6,0.03,-0.05,115,170,69.8,139,129,275,123,0.79,0.37,0.42,15,7,14,5,2026-01-28T18:41:45.954462
130,Illinois Chicago,-0.0,2.6,2.5,0.03,-0.05,165,106,68.2,238,130,233,137,0.65,0.30,0.35,13,6,10,10,2026-01-28T18:41:45.954462
131,Bowling Green,-0.1,2.5,2.4,-0.05,-0.05,166,108,70.1,115,131,353,127,0.61,0.39,0.22,11,7,10,8,2026-01-28T18:41:45.954462
132,Oakland,7.4,-5.1,2.3,0.03,-0.05,61,287,70.8,75,132,347,135,0.33,0.38,-0.05,7,8,11,10,2026-01-28T18:41:45.954462
133,UC Santa Barbara,5.8,-3.5,2.2,0.03,-0.05,79,251,66.4,321,135,21,101,0.39,0.39,0.00,7,7,11,7,2026-01-28T18:41:45.954462
134,Davidson,0.9,1.3,2.2,-0.05,-0.05,151,135,66.2,328,134,350,151,0.61,0.56,0.06,11,10,11,7,2026-01-28T18:41:45.954462
135,Pacific,1.3,0.8,2.1,-0.05,-0.05,144,143,66.9,306,133,111,119,0.45,0.30,0.15,9,6,12,8,2026-01-28T18:41:45.954462
136,Rutgers,1.0,1.0,2.1,-0.05,0.03,149,141,67.9,255,138,241,124,0.43,0.62,-0.19,9,13,9,12,2026-01-28T18:41:45.954462
137,Portland St.,-3.1,4.9,1.8,0.03,0.03,238,71,69.9,135,136,212,140,0.13,0.20,-0.07,2,3,10,5,2026-01-28T18:41:45.954462
138,Southern Illinois,-2.3,4.0,1.8,0.03,0.03,216,83,70.7,83,137,138,139,0.58,0.58,0.00,11,11,7,12,2026-01-28T18:41:45.954462
139,Kent St.,2.3,-0.7,1.6,0.03,-0.05,124,184,72.0,30,139,103,120,0.16,0.63,-0.47,3,12,14,5,2026-01-28T18:41:45.954462
140,William & Mary,0.4,1.1,1.5,0.03,-0.05,158,139,74.4,4,140,31,153,0.39,0.50,-0.11,7,9,12,6,2026-01-28T18:41:45.954462
141,Mercer,3.7,-2.2,1.5,-0.05,-0.05,106,223,71.1,65,141,54,167,0.72,0.17,0.56,13,3,10,8,2026-01-28T18:41:45.954462
142,UNLV,1.3,0.2,1.5,-0.05,-0.05,143,160,71.5,51,142,359,128,0.26,0.53,-0.26,5,10,9,10,2026-01-28T18:41:45.954462
143,Montana St.,1.6,-0.3,1.3,0.03,0.03,140,172,67.4,288,143,129,176,0.61,0.28,0.33,11,5,10,8,2026-01-28T18:41:45.954462
144,Saint Joseph's,-1.2,2.5,1.3,0.03,-0.05,189,107,69.3,168,144,181,111,0.42,0.42,0.00,8,8,11,8,2026-01-28T18:41:45.954462
145,Temple,1.9,-0.6,1.3,-0.05,-0.05,133,181,67.6,275,145,193,126,0.53,0.32,0.21,10,6,12,7,2026-01-28T18:41:45.954462
146,Wright St.,3.1,-1.8,1.3,0.03,0.03,112,216,68.1,246,146,251,146,0.74,0.11,0.63,14,2,11,8,2026-01-28T18:41:45.954462
147,New Mexico St.,2.3,-1.1,1.2,0.03,-0.05,121,196,67.6,272,147,199,133,0.63,0.63,0.00,10,10,7,9,2026-01-28T18:41:45.954462
148,North Texas,-5.6,6.6,1.0,0.03,-0.05,285,51,66.5,317,148,165,134,0.39,0.28,0.11,7,5,10,8,2026-01-28T18:41:45.954462
149,Cal Baptist,-1.7,2.7,1.0,-0.05,0.03,204,105,67.4,292,149,187,209,0.50,0.35,0.15,10,7,15,6,2026-01-28T18:41:45.954462
150,Furman,0.2,0.7,1.0,0.03,0.03,163,145,68.1,244,150,309,148,0.44,0.22,0.22,8,4,11,7,2026-01-28T18:41:45.954462
151,Marist,-6.3,7.3,1.0,-0.05,0.03,301,46,67.9,253,151,66,162,0.47,0.47,0.00,9,9,12,7,2026-01-28T18:41:45.954462
152,Arkansas St.,1.7,-0.8,0.9,-0.05,0.03,139,186,73.3,13,152,176,152,0.63,0.53,0.11,12,10,11,8,2026-01-28T18:41:45.954462
153,Towson,-3.0,3.8,0.8,0.03,-0.05,232,90,65.7,353,153,168,138,0.60,0.60,0.00,12,12,10,10,2026-01-28T18:41:45.954462
154,Marshall,1.5,-0.8,0.7,-0.05,-0.05,141,188,71.3,57,154,122,142,0.58,0.63,-0.05,11,12,12,7,2026-01-28T18:41:45.954462
155,Washington St.,4.1,-3.4,0.7,-0.05,0.03,97,247,69.0,183,156,161,168,0.38,0.38,0.00,8,8,8,13,2026-01-28T18:41:45.954462
156,Middle Tennessee,-1.6,2.2,0.6,0.03,-0.05,202,114,67.6,277,155,64,190,0.38,0.56,-0.19,6,9,8,8,2026-01-28T18:41:45.954462
157,Kennesaw St.,1.8,-1.3,0.5,0.03,0.03,135,198,73.6,9,173,232,158,0.53,0.47,0.06,9,8,9,8,2026-01-28T18:41:45.954462
158,St. Bonaventure,2.3,-1.9,0.4,-0.05,-0.05,123,218,68.2,237,157,325,117,0.47,0.26,0.21,9,5,11,8,2026-01-28T18:41:45.954462
159,Loyola Marymount,-3.6,3.7,0.1,-0.05,-0.05,250,91,68.8,196,172,79,132,0.52,0.48,0.05,11,10,10,11,2026-01-28T18:41:45.954462
160,Siena,-0.7,0.8,0.1,0.03,-0.05,182,144,66.5,316,161,247,150,0.43,0.52,-0.10,9,11,14,7,2026-01-28T18:41:45.954462
161,Drake,-0.5,0.5,-0.0,-0.05,0.03,179,153,68.2,235,158,169,177,0.47,0.53,-0.05,9,10,9,10,2026-01-28T18:41:45.954462
162,Massachusetts,-0.5,0.5,-0.0,0.03,0.03,180,152,72.1,29,159,201,129,0.43,0.24,0.19,9,5,12,9,2026-01-28T18:41:45.954462
163,Fresno St.,-4.0,3.9,-0.1,0.03,-0.05,260,89,69.7,150,160,207,163,0.42,0.42,0.00,8,8,8,11,2026-01-28T18:41:45.954462
164,Montana,-0.2,-0.2,-0.5,-0.05,-0.05,172,168,70.5,98,162,257,179,0.53,0.41,0.12,9,7,9,8,2026-01-28T18:41:45.954462
165,UT Arlington,-4.2,3.7,-0.5,0.03,-0.05,266,92,67.2,298,163,128,195,0.41,0.29,0.12,7,5,11,6,2026-01-28T18:41:45.954462
166,Tulane,-0.2,-0.3,-0.5,-0.05,-0.05,171,171,68.3,231,167,356,130,0.47,0.21,0.26,9,4,11,8,2026-01-28T18:41:45.954462
167,South Dakota St.,1.0,-1.5,-0.6,-0.05,0.03,150,203,69.2,176,164,35,160,0.44,0.44,0.00,8,8,7,11,2026-01-28T18:41:45.954462
168,Charleston,0.5,-1.1,-0.7,0.03,0.03,157,194,69.9,130,165,282,165,0.45,0.45,0.00,9,9,12,8,2026-01-28T18:41:45.954462
169,Harvard,-0.4,-0.4,-0.8,-0.05,-0.05,177,174,65.8,347,166,358,143,0.56,0.56,0.00,10,10,9,9,2026-01-28T18:41:45.954462
170,Austin Peay,-3.0,2.2,-0.8,0.03,-0.05,233,116,70.1,119,168,159,155,0.65,0.41,0.24,11,7,11,6,2026-01-28T18:41:45.954462
171,Toledo,3.7,-4.6,-0.9,0.03,0.03,104,276,70.4,101,169,332,147,0.58,0.63,-0.05,11,12,9,10,2026-01-28T18:41:45.954462
172,Lipscomb,-1.5,0.6,-0.9,0.03,-0.05,201,147,71.2,61,170,102,197,0.68,0.74,-0.05,13,14,12,7,2026-01-28T18:41:45.954462
173,Cornell,8.4,-9.4,-1.0,-0.05,-0.05,53,349,73.6,10,171,349,189,0.50,0.56,-0.06,8,9,7,9,2026-01-28T18:41:45.954462
174,Quinnipiac,-1.3,0.2,-1.2,-0.05,-0.05,195,161,71.1,68,174,354,178,0.48,0.29,0.19,10,6,13,8,2026-01-28T18:41:45.954462
175,Navy,-3.0,1.8,-1.2,-0.05,-0.05,235,124,67.7,266,175,74,161,0.89,0.26,0.63,17,5,13,6,2026-01-28T18:41:45.954462
176,Northern Kentucky,1.1,-2.3,-1.2,-0.05,-0.05,147,224,70.0,121,176,239,191,0.42,0.42,0.00,8,8,11,8,2026-01-28T18:41:45.954462
177,Charlotte,1.8,-3.2,-1.4,-0.05,-0.05,134,242,66.0,339,177,205,184,0.42,0.26,0.16,8,5,10,9,2026-01-28T18:41:45.954462
178,Columbia,0.2,-1.9,-1.6,-0.05,0.03,164,219,69.8,142,178,324,166,0.65,0.59,0.06,11,10,11,6,2026-01-28T18:41:45.954462
179,Buffalo,4.1,-5.8,-1.7,0.03,-0.05,98,301,68.2,236,179,365,205,0.63,0.32,0.32,12,6,12,7,2026-01-28T18:41:45.954462
180,South Alabama,-1.8,-0.0,-1.8,0.03,0.03,208,166,66.4,322,180,236,194,0.61,0.28,0.33,11,5,12,6,2026-01-28T18:41:45.954462
181,Appalachian St.,-3.6,1.7,-1.9,0.03,0.03,251,127,64.7,364,181,245,232,0.75,0.60,0.15,15,12,11,9,2026-01-28T18:41:45.954462
182,Monmouth,-4.0,2.1,-1.9,0.03,0.03,258,118,68.3,233,182,343,154,0.30,0.70,-0.40,6,14,9,11,2026-01-28T18:41:45.954462
183,Tarleton St.,-1.4,-0.5,-2.0,-0.05,0.03,199,179,71.5,49,183,126,199,0.63,0.38,0.25,10,6,7,9,2026-01-28T18:41:45.954462
184,FIU,-1.4,-0.7,-2.1,0.03,-0.05,198,185,73.0,16,184,78,363,0.59,0.88,-0.29,10,15,7,10,2026-01-28T18:41:45.954462
185,Missouri St.,-0.4,-1.7,-2.1,0.03,-0.05,178,212,66.1,333,202,131,172,0.82,0.71,0.12,14,12,9,8,2026-01-28T18:41:45.954462
186,UT Rio Grande Valley,-3.5,1.2,-2.3,0.03,0.03,246,137,69.0,186,185,351,198,0.42,0.84,-0.42,8,16,8,11,2026-01-28T18:41:45.954462
187,Valparaiso,-3.5,1.2,-2.3,0.03,-0.05,247,136,67.7,268,186,87,242,0.53,0.42,0.11,10,8,9,10,2026-01-28T18:41:45.954462
188,Queens,5.1,-7.4,-2.3,-0.05,-0.05,84,325,69.8,140,187,30,164,0.50,0.60,-0.10,10,12,11,9,2026-01-28T18:41:45.954462
189,Texas A&M Corpus Chris,-6.4,4.0,-2.4,-0.05,0.03,304,84,68.0,250,188,340,229,0.29,0.71,-0.41,5,12,7,10,2026-01-28T18:41:45.954462
190,Vermont,0.6,-3.1,-2.4,0.03,0.03,154,240,65.9,345,189,281,206,0.32,0.37,-0.05,6,7,11,8,2026-01-28T18:41:45.954462
191,Northern Colorado,2.2,-4.7,-2.5,0.03,0.03,127,278,69.6,155,190,348,175,0.33,0.56,-0.22,6,10,8,10,2026-01-28T18:41:45.954462
192,Drexel,-3.8,1.2,-2.7,-0.05,-0.05,255,138,65.3,357,191,255,218,0.65,0.30,0.35,13,6,9,11,2026-01-28T18:41:45.954462
193,Western Kentucky,-3.0,0.3,-2.7,0.03,0.03,231,157,71.6,43,217,135,157,0.56,0.61,-0.06,10,11,9,9,2026-01-28T18:41:45.954462
194,Fordham,-2.8,0.1,-2.7,-0.05,0.03,227,164,66.3,325,192,305,182,0.29,0.35,-0.06,5,6,7,10,2026-01-28T18:41:45.954462
195,Colgate,0.3,-3.0,-2.7,0.03,0.03,161,238,68.3,229,193,310,203,0.53,0.37,0.16,10,7,10,9,2026-01-28T18:41:45.954462
196,UNC Asheville,-1.2,-1.6,-2.8,-0.05,0.03,188,206,67.5,279,194,298,180,0.22,0.44,-0.22,4,8,6,12,2026-01-28T18:41:45.954462
197,Idaho,-0.2,-2.6,-2.8,-0.05,0.03,169,232,68.5,217,195,215,188,0.53,0.47,0.06,9,8,9,8,2026-01-28T18:41:45.954462
198,UC Davis,-1.3,-1.6,-2.8,0.03,-0.05,191,205,70.5,97,196,240,200,0.33,0.56,-0.22,6,10,10,8,2026-01-28T18:41:45.954462
199,Penn,-1.3,-1.7,-2.9,-0.05,0.03,194,210,70.7,87,198,334,211,0.41,0.47,-0.06,7,8,8,9,2026-01-28T18:41:45.954462
200,Lamar,-3.2,0.2,-3.0,-0.05,0.03,240,159,67.6,273,197,301,183,0.42,0.63,-0.21,8,12,9,10,2026-01-28T18:41:45.954462
201,Elon,3.5,-6.7,-3.2,0.03,-0.05,108,308,68.7,203,199,363,185,0.42,0.63,-0.21,8,12,10,9,2026-01-28T18:41:45.954462
202,Indiana St.,-2.0,-1.3,-3.3,0.03,-0.05,210,200,70.7,86,200,143,215,0.50,0.55,-0.05,10,11,7,13,2026-01-28T18:41:45.954462
203,James Madison,1.5,-5.0,-3.5,0.03,-0.05,142,285,67.5,285,201,104,170,0.35,0.60,-0.25,7,12,9,11,2026-01-28T18:41:45.954462
204,Robert Morris,0.3,-4.0,-3.6,0.03,0.03,160,263,67.4,287,203,121,196,0.45,0.60,-0.15,9,12,11,9,2026-01-28T18:41:45.954462
205,Charleston Southern,-3.3,-0.5,-3.8,0.03,0.03,241,177,72.4,22,204,115,252,0.58,0.47,0.11,11,9,8,11,2026-01-28T18:41:45.954462
206,Merrimack,-4.0,0.2,-3.8,-0.05,-0.05,257,162,65.6,354,205,211,243,0.36,0.45,-0.09,8,10,13,9,2026-01-28T18:41:45.954462
207,Wofford,1.7,-5.6,-3.8,-0.05,0.03,137,299,69.3,170,206,319,192,0.53,0.42,0.11,10,8,12,7,2026-01-28T18:41:45.954462
208,Ohio,-1.3,-2.6,-3.9,-0.05,0.03,193,231,70.7,82,207,113,173,0.35,0.55,-0.20,7,11,9,11,2026-01-28T18:41:45.954462
209,Jacksonville St.,-3.0,-1.0,-4.0,0.03,-0.05,234,191,65.9,344,208,299,223,0.63,0.50,0.13,10,8,7,9,2026-01-28T18:41:45.954462
210,Princeton,-3.5,-0.6,-4.1,0.03,-0.05,248,182,67.0,303,209,24,230,0.47,0.63,-0.16,9,12,6,13,2026-01-28T18:41:45.954462
211,Old Dominion,-2.9,-1.2,-4.1,-0.05,-0.05,229,197,70.2,112,210,217,187,0.60,0.50,0.10,12,10,5,15,2026-01-28T18:41:45.954462
212,Louisiana Tech,-6.0,1.8,-4.2,-0.05,0.03,294,125,65.2,359,211,19,212,0.38,0.31,0.06,6,5,8,8,2026-01-28T18:41:45.954462
213,Saint Peter's,-5.0,0.7,-4.3,0.03,-0.05,274,146,66.8,308,212,86,240,0.53,0.47,0.06,9,8,10,7,2026-01-28T18:41:45.954462
214,Tennessee Martin,-5.8,1.5,-4.3,0.03,0.03,291,132,67.2,297,213,259,270,0.41,0.35,0.06,7,6,12,5,2026-01-28T18:41:45.954462
215,Central Arkansas,-3.5,-0.9,-4.4,-0.05,0.03,249,190,69.4,163,214,12,253,0.78,0.89,-0.11,14,16,8,10,2026-01-28T18:41:45.954462
216,Youngstown St.,-2.7,-1.8,-4.5,0.03,-0.05,223,214,69.2,179,215,272,181,0.47,0.26,0.21,9,5,7,12,2026-01-28T18:41:45.954462
217,Purdue Fort Wayne,-0.7,-3.8,-4.5,0.03,0.03,183,259,69.7,148,216,209,207,0.39,0.72,-0.33,7,13,10,8,2026-01-28T18:41:45.954462
218,Campbell,-0.2,-4.5,-4.7,-0.05,0.03,170,274,71.3,53,218,67,202,0.21,0.47,-0.26,4,9,7,12,2026-01-28T18:41:45.954462
219,Weber St.,-0.8,-4.0,-4.8,-0.05,0.03,185,264,70.4,102,219,183,245,0.37,0.47,-0.11,7,9,8,11,2026-01-28T18:41:45.954462
220,Dartmouth,-2.8,-2.1,-4.9,0.03,-0.05,226,221,71.3,56,220,361,231,0.50,0.75,-0.25,8,12,7,9,2026-01-28T18:41:45.954462
221,Oregon St.,-1.5,-3.5,-5.0,0.03,-0.05,200,248,66.9,307,221,29,159,0.14,0.59,-0.45,3,13,10,12,2026-01-28T18:41:45.954462
222,La Salle,-3.1,-1.8,-5.0,-0.05,-0.05,239,217,67.4,291,261,20,213,0.42,0.74,-0.32,8,14,6,13,2026-01-28T18:41:45.954462
223,Tennessee St.,-1.7,-3.3,-5.0,0.03,0.03,205,243,71.9,34,222,304,217,0.35,0.59,-0.24,6,10,10,7,2026-01-28T18:41:45.954462
224,LIU,-4.3,-0.8,-5.0,0.03,-0.05,269,189,69.9,133,223,263,233,0.45,0.55,-0.10,9,11,12,8,2026-01-28T18:41:45.954462
225,Iona,-5.2,0.1,-5.1,-0.05,-0.05,279,165,71.0,70,224,41,222,0.91,0.55,0.36,20,12,14,8,2026-01-28T18:41:45.954462
226,Samford,-0.1,-5.1,-5.2,0.03,-0.05,167,288,68.5,212,225,208,208,0.42,0.68,-0.26,8,13,8,11,2026-01-28T18:41:45.954462
227,American,-2.8,-2.5,-5.2,-0.05,-0.05,225,227,68.6,209,226,48,264,0.42,0.32,0.11,8,6,11,8,2026-01-28T18:41:45.954462
228,Hampton,-4.2,-1.0,-5.2,-0.05,-0.05,268,192,67.1,301,227,71,214,0.32,0.47,-0.16,6,9,8,11,2026-01-28T18:41:45.954462
229,Idaho St.,0.5,-5.8,-5.2,0.03,0.03,156,300,65.8,348,228,267,235,0.28,0.33,-0.06,5,6,7,11,2026-01-28T18:41:45.954462
230,Florida Gulf Coast,1.1,-6.5,-5.4,-0.05,-0.05,148,305,68.9,194,229,227,169,0.47,0.58,-0.11,9,11,6,13,2026-01-28T18:41:45.954462
231,New Orleans,-0.8,-4.7,-5.5,0.03,0.03,184,279,71.2,60,230,339,228,0.33,0.52,-0.19,7,11,8,13,2026-01-28T18:41:45.954462
232,Coastal Carolina,-5.1,-0.5,-5.6,-0.05,0.03,275,178,69.0,185,231,230,274,0.29,0.52,-0.24,6,11,12,9,2026-01-28T18:41:45.954462
233,CSUN,-2.6,-3.0,-5.6,0.03,-0.05,220,237,74.3,6,232,177,219,0.53,0.63,-0.11,10,12,9,10,2026-01-28T18:41:45.954462
234,Radford,-0.3,-5.3,-5.6,0.03,-0.05,174,292,71.6,42,233,291,186,0.74,0.53,0.21,14,10,8,11,2026-01-28T18:41:45.954462
235,Portland,-3.1,-2.6,-5.7,0.03,0.03,236,230,70.6,91,237,47,255,0.55,0.55,0.00,11,11,8,12,2026-01-28T18:41:45.954462
236,San Diego,-1.7,-4.0,-5.8,0.03,-0.05,206,265,70.8,76,234,53,156,0.45,0.95,-0.50,9,19,7,13,2026-01-28T18:41:45.954462
237,Southeast Missouri,-4.1,-1.6,-5.8,0.03,-0.05,265,208,70.4,99,235,296,236,0.56,0.56,0.00,10,10,8,10,2026-01-28T18:41:45.954462
238,Lindenwood,-5.7,-0.1,-5.8,-0.05,0.03,287,167,73.0,15,236,302,261,0.61,0.61,0.00,11,11,9,9,2026-01-28T18:41:45.954462
239,Cal St. Fullerton,-3.4,-2.5,-5.9,-0.05,-0.05,245,228,74.2,7,238,295,256,0.50,0.55,-0.05,10,11,8,12,2026-01-28T18:41:45.954462
240,Milwaukee,-1.8,-4.2,-6.0,0.03,-0.05,207,267,69.6,154,239,85,220,0.33,0.48,-0.14,7,10,8,13,2026-01-28T18:41:45.954462
241,Bethune Cookman,-2.5,-3.5,-6.0,-0.05,-0.05,218,250,69.7,144,240,40,210,0.42,0.53,-0.11,8,10,8,11,2026-01-28T18:41:45.954462
242,Chattanooga,-1.3,-4.7,-6.0,0.03,0.03,196,277,67.8,259,241,141,238,0.39,0.56,-0.17,7,10,6,12,2026-01-28T18:41:45.954462
243,UMBC,-1.7,-4.4,-6.1,-0.05,-0.05,203,273,68.3,228,242,283,267,0.35,0.53,-0.18,6,9,10,7,2026-01-28T18:41:45.954462
244,Georgia Southern,-1.3,-4.8,-6.1,0.03,-0.05,197,280,72.4,23,243,182,234,0.50,0.60,-0.10,10,12,11,9,2026-01-28T18:41:45.954462
245,Eastern Kentucky,0.8,-7.1,-6.3,0.03,-0.05,153,320,68.6,207,244,101,201,0.26,0.74,-0.47,5,14,5,14,2026-01-28T18:41:45.954462
246,Rice,-2.2,-4.1,-6.3,-0.05,-0.05,214,266,67.8,262,247,188,193,0.06,0.72,-0.67,1,13,6,12,2026-01-28T18:41:45.954462
247,Eastern Washington,0.3,-6.6,-6.3,0.03,-0.05,162,306,69.2,171,245,148,227,0.32,0.42,-0.11,6,8,4,15,2026-01-28T18:41:45.954462
248,SIUE,-6.8,0.5,-6.3,0.03,-0.05,312,151,66.1,332,246,330,250,0.33,0.39,-0.06,6,7,10,8,2026-01-28T18:41:45.954462
249,Nebraska Omaha,-2.5,-3.9,-6.4,0.03,-0.05,217,261,68.5,213,248,294,239,0.39,0.50,-0.11,7,9,6,12,2026-01-28T18:41:45.954462
250,Incarnate Word,-2.6,-3.8,-6.4,0.03,0.03,221,257,67.8,261,249,119,174,0.22,0.28,-0.06,4,5,6,12,2026-01-28T18:41:45.954462
251,Utah Tech,-2.6,-3.9,-6.6,0.03,0.03,222,262,68.3,230,250,196,241,0.53,0.47,0.05,10,9,8,11,2026-01-28T18:41:45.954462
252,Stony Brook,-2.7,-3.8,-6.6,0.03,0.03,224,258,66.5,315,251,97,246,0.74,0.47,0.26,14,9,10,9,2026-01-28T18:41:45.954462
253,Longwood,-3.7,-2.9,-6.7,0.03,-0.05,253,236,70.0,122,252,60,244,0.37,0.26,0.11,7,5,9,10,2026-01-28T18:41:45.954462
254,Eastern Michigan,-5.3,-1.4,-6.7,0.03,-0.05,280,202,67.8,263,273,33,224,0.40,0.45,-0.05,8,9,8,12,2026-01-28T18:41:45.954462
255,Western Carolina,-1.2,-5.5,-6.8,-0.05,-0.05,190,297,70.0,126,253,36,225,0.41,0.65,-0.24,7,11,5,12,2026-01-28T18:41:45.954462
256,Brown,-9.1,2.1,-6.9,-0.05,0.03,335,117,68.1,245,254,297,249,0.31,0.44,-0.13,5,7,5,11,2026-01-28T18:41:45.954462
257,Northeastern,-0.3,-6.8,-7.1,0.03,0.03,175,309,71.0,72,255,290,226,0.50,0.60,-0.10,10,12,6,14,2026-01-28T18:41:45.954462
258,Nicholls,-3.8,-3.4,-7.2,-0.05,-0.05,254,245,70.0,125,256,320,248,0.45,0.60,-0.15,9,12,7,13,2026-01-28T18:41:45.954462
259,Georgia St.,-7.0,-0.3,-7.3,0.03,-0.05,313,169,69.9,136,266,99,247,0.63,0.89,-0.26,12,17,7,12,2026-01-28T18:41:45.954462
260,East Carolina,-6.8,-0.6,-7.4,-0.05,-0.05,309,180,69.7,146,257,163,364,0.26,0.63,-0.37,5,12,5,14,2026-01-28T18:41:45.954462
261,Le Moyne,-2.9,-4.5,-7.4,-0.05,-0.05,230,275,69.8,138,258,321,290,0.45,0.45,0.00,9,9,10,10,2026-01-28T18:41:45.954462
262,Southern Miss,-5.9,-1.6,-7.4,-0.05,-0.05,293,204,69.8,143,268,94,273,0.65,0.40,0.25,13,8,9,11,2026-01-28T18:41:45.954462
263,Howard,-9.4,1.9,-7.5,0.03,-0.05,337,121,71.7,40,259,243,284,0.41,0.35,0.06,7,6,8,9,2026-01-28T18:41:45.954462
264,Green Bay,-0.2,-7.3,-7.5,-0.05,-0.05,173,323,66.0,338,260,269,263,0.40,0.25,0.15,8,5,10,10,2026-01-28T18:41:45.954462
265,Abilene Christian,-6.8,-0.8,-7.5,0.03,-0.05,311,187,68.5,218,262,200,216,0.31,0.69,-0.38,5,11,7,9,2026-01-28T18:41:45.954462
266,Little Rock,-3.3,-4.2,-7.5,-0.05,-0.05,242,268,68.0,248,263,49,204,0.44,0.67,-0.22,8,12,7,11,2026-01-28T18:41:45.954462
267,Presbyterian,-4.1,-3.5,-7.6,-0.05,-0.05,264,249,65.8,346,264,106,272,0.47,0.53,-0.05,9,10,8,11,2026-01-28T18:41:45.954462
268,Fairfield,-2.2,-5.5,-7.6,0.03,0.03,213,294,68.9,191,265,317,259,0.52,0.52,0.00,11,11,12,9,2026-01-28T18:41:45.954462
269,Long Beach St.,-4.6,-3.2,-7.7,0.03,0.03,272,241,69.0,188,267,125,254,0.16,0.58,-0.42,3,11,6,13,2026-01-28T18:41:45.954462
270,Southern,-6.1,-1.8,-7.9,-0.05,0.03,296,215,71.7,37,269,234,268,0.38,0.63,-0.25,6,10,4,12,2026-01-28T18:41:45.954462
271,Southeastern Louisiana,-8.6,0.2,-8.4,0.03,-0.05,329,158,67.9,256,270,277,279,0.25,0.65,-0.40,5,13,5,15,2026-01-28T18:41:45.954462
272,Sacred Heart,-0.8,-7.6,-8.5,-0.05,0.03,186,330,69.9,129,271,266,221,0.52,0.62,-0.10,11,13,8,13,2026-01-28T18:41:45.954462
273,Texas St.,-6.4,-2.2,-8.5,-0.05,0.03,303,222,68.5,216,272,42,251,0.25,0.50,-0.25,5,10,9,11,2026-01-28T18:41:45.954462
274,San Jose St.,-2.0,-6.8,-8.8,-0.05,0.03,209,312,65.9,341,279,225,237,0.30,0.55,-0.25,6,11,5,15,2026-01-28T18:41:45.954462
275,Boston University,-1.0,-7.9,-8.8,0.03,-0.05,187,336,65.7,352,274,270,280,0.40,0.60,-0.20,8,12,7,13,2026-01-28T18:41:45.954462
276,Western Michigan,-2.0,-7.0,-9.0,-0.05,0.03,211,319,69.1,180,281,38,258,0.37,1.00,-0.63,7,19,7,12,2026-01-28T18:41:45.954462
277,UTEP,-6.4,-2.7,-9.2,0.03,0.03,305,233,66.9,305,276,151,257,0.29,0.59,-0.29,5,10,4,13,2026-01-28T18:41:45.954462
278,Mount St. Mary's,-7.9,-1.4,-9.2,-0.05,0.03,322,201,69.7,145,275,318,283,0.38,0.71,-0.33,8,15,8,13,2026-01-28T18:41:45.954462
279,Grambling St.,-7.4,-2.0,-9.4,0.03,-0.05,319,220,69.2,175,277,166,295,0.31,0.50,-0.19,5,8,6,10,2026-01-28T18:41:45.954462
280,Northwestern St.,-2.6,-6.9,-9.4,0.03,0.03,219,313,67.2,299,278,222,298,0.39,0.83,-0.44,7,15,4,14,2026-01-28T18:41:45.954462
281,Evansville,-9.2,-0.4,-9.6,-0.05,0.03,336,173,69.2,172,280,107,266,0.17,1.00,-0.83,3,18,3,15,2026-01-28T18:41:45.954462
282,North Carolina A&T,-4.1,-5.5,-9.6,0.03,0.03,261,298,70.5,94,287,178,300,0.41,0.47,-0.06,7,8,7,10,2026-01-28T18:41:45.954462
283,Norfolk St.,-6.2,-3.5,-9.7,0.03,0.03,298,252,69.0,187,282,224,301,0.37,0.53,-0.16,7,10,6,13,2026-01-28T18:41:45.954462
284,Central Connecticut,-2.8,-6.9,-9.7,0.03,0.03,228,315,66.4,320,283,337,297,0.41,0.71,-0.29,7,12,8,9,2026-01-28T18:41:45.954462
285,South Dakota,-0.3,-9.4,-9.7,-0.05,0.03,176,348,72.2,25,284,50,282,0.37,0.47,-0.11,7,9,8,11,2026-01-28T18:41:45.954462
286,Sacramento St.,-4.4,-5.3,-9.8,0.03,-0.05,270,293,72.1,27,289,43,271,0.25,0.56,-0.31,4,9,3,13,2026-01-28T18:41:45.954462
287,Jacksonville,-5.5,-4.3,-9.8,-0.05,-0.05,283,270,65.8,349,285,132,294,0.26,0.84,-0.58,5,16,6,13,2026-01-28T18:41:45.954462
288,Texas Southern,-4.4,-5.5,-9.9,-0.05,-0.05,271,295,70.9,74,286,6,293,0.41,0.88,-0.47,7,15,4,13,2026-01-28T18:41:45.954462
289,Ball St.,-5.8,-4.3,-10.1,0.03,0.03,292,269,65.9,340,288,164,260,0.11,0.44,-0.33,2,8,5,13,2026-01-28T18:41:45.954462
290,Pepperdine,-7.6,-2.5,-10.1,-0.05,0.03,320,229,68.4,224,290,289,277,0.25,0.60,-0.35,5,12,4,16,2026-01-28T18:41:45.954462
291,Detroit Mercy,-3.4,-6.8,-10.2,-0.05,-0.05,243,311,70.5,95,291,197,262,0.50,0.50,0.00,9,9,6,12,2026-01-28T18:41:45.954462
292,Morehead St.,-3.4,-6.8,-10.2,-0.05,-0.05,244,310,67.4,286,292,146,299,0.17,0.89,-0.72,3,16,8,10,2026-01-28T18:41:45.954462
293,Bellarmine,2.3,-12.6,-10.3,0.03,-0.05,126,362,67.8,265,293,139,276,0.50,0.67,-0.17,9,12,5,13,2026-01-28T18:41:45.954462
294,Southern Utah,-5.4,-5.3,-10.7,-0.05,-0.05,281,291,71.6,41,294,11,289,0.39,1.00,-0.61,7,18,4,14,2026-01-28T18:41:45.954462
295,North Dakota,-4.1,-6.6,-10.7,0.03,-0.05,262,307,70.0,124,295,190,286,0.38,0.48,-0.10,8,10,9,12,2026-01-28T18:41:45.954462
296,Lehigh,-7.2,-3.7,-10.8,0.03,-0.05,315,255,68.9,192,296,203,310,0.42,0.47,-0.05,8,9,7,12,2026-01-28T18:41:45.954462
297,Albany,-4.9,-6.0,-11.0,-0.05,-0.05,273,302,67.9,254,297,17,296,0.33,0.78,-0.44,6,14,4,14,2026-01-28T18:41:45.954462
298,Mercyhurst,-8.7,-2.4,-11.1,0.03,0.03,331,225,65.2,358,298,109,314,0.47,0.58,-0.11,9,11,8,11,2026-01-28T18:41:45.954462
299,UNC Greensboro,-2.2,-8.9,-11.1,-0.05,0.03,215,345,68.8,197,299,279,269,0.53,0.68,-0.16,10,13,6,13,2026-01-28T18:41:45.954462
300,Lafayette,-7.1,-4.4,-11.5,-0.05,-0.05,314,272,68.7,201,300,249,302,0.37,0.79,-0.42,7,15,4,16,2026-01-28T18:41:45.954462
301,Delaware,-6.8,-4.8,-11.6,0.03,0.03,310,282,66.1,331,322,362,278,0.44,0.61,-0.17,8,11,5,13,2026-01-28T18:41:45.954462
302,Cal St. Bakersfield,-6.5,-5.2,-11.7,0.03,-0.05,306,289,70.8,77,301,156,285,0.21,0.53,-0.32,4,10,6,13,2026-01-28T18:41:45.954462
303,Houston Christian,-4.1,-7.6,-11.7,0.03,-0.05,263,332,66.0,336,302,229,265,0.26,0.89,-0.63,5,17,6,13,2026-01-28T18:41:45.954462
304,UC Riverside,-7.4,-4.4,-11.8,-0.05,0.03,318,271,69.9,134,303,242,309,0.21,0.74,-0.53,4,14,5,14,2026-01-28T18:41:45.954462
305,USC Upstate,-8.2,-3.7,-11.8,0.03,0.03,325,256,69.9,131,304,336,307,0.26,0.63,-0.37,5,12,6,13,2026-01-28T18:41:45.954462
306,Denver,2.0,-13.9,-11.9,0.03,-0.05,131,364,69.8,137,305,338,292,0.21,0.53,-0.32,4,10,6,13,2026-01-28T18:41:45.954462
307,Alabama A&M,-7.3,-4.9,-12.2,-0.05,0.03,317,283,68.4,221,306,4,287,0.31,0.31,0.00,5,5,7,9,2026-01-28T18:41:45.954462
308,East Texas A&M,-8.6,-3.6,-12.2,-0.05,-0.05,330,254,70.1,117,307,142,304,0.39,0.50,-0.11,7,9,6,13,2026-01-28T18:41:45.954462
309,Loyola Chicago,-5.1,-7.1,-12.2,0.03,-0.05,277,321,67.5,281,308,312,171,0.27,0.77,-0.50,6,17,5,17,2026-01-28T18:41:45.954462
310,Eastern Illinois,-11.5,-1.0,-12.6,-0.05,0.03,351,193,67.3,294,309,154,329,0.22,1.06,-0.83,4,19,6,12,2026-01-28T18:41:45.954462
311,Loyola MD,-5.1,-7.6,-12.7,0.03,-0.05,276,329,69.5,158,310,192,291,0.26,0.42,-0.16,5,8,5,14,2026-01-28T18:41:45.954462
312,Central Michigan,-6.1,-6.9,-13.0,-0.05,0.03,297,314,68.6,206,311,2,319,0.26,0.58,-0.32,5,11,4,15,2026-01-28T18:41:45.954462
313,Florida A&M,-10.1,-2.9,-13.0,-0.05,-0.05,343,234,69.5,160,312,91,337,0.19,0.81,-0.63,3,13,6,10,2026-01-28T18:41:45.954462
314,Bucknell,-8.1,-4.9,-13.0,-0.05,-0.05,324,284,68.1,243,313,167,323,0.29,1.00,-0.71,6,21,6,15,2026-01-28T18:41:45.954462
315,Cal Poly,-5.7,-7.4,-13.1,0.03,0.03,288,324,75.0,1,314,261,315,0.26,0.68,-0.42,5,13,5,14,2026-01-28T18:41:45.954462
316,New Hampshire,-9.7,-3.4,-13.1,-0.05,0.03,340,244,69.0,184,315,300,333,0.41,0.76,-0.35,7,13,5,12,2026-01-28T18:41:45.954462
317,Southern Indiana,-12.0,-1.1,-13.1,-0.05,0.03,355,195,70.3,107,316,341,318,0.33,0.44,-0.11,6,8,3,15,2026-01-28T18:41:45.954462
318,Northern Illinois,-9.5,-3.6,-13.1,-0.05,-0.05,338,253,69.7,147,317,287,320,0.39,0.44,-0.06,7,8,5,13,2026-01-28T18:41:45.954462
319,UMass Lowell,-6.3,-6.9,-13.2,-0.05,-0.05,300,316,70.5,92,318,191,326,0.56,0.56,0.00,10,10,5,13,2026-01-28T18:41:45.954462
320,Alabama St.,-5.8,-7.8,-13.6,-0.05,0.03,290,335,70.5,96,319,158,303,0.26,0.63,-0.37,5,12,5,14,2026-01-28T18:41:45.954462
321,Jackson St.,-6.7,-6.9,-13.6,-0.05,-0.05,308,317,71.3,54,320,37,306,0.30,1.60,-1.30,6,32,6,14,2026-01-28T18:41:45.954462
322,Arkansas Pine Bluff,-5.7,-7.9,-13.6,-0.05,-0.05,289,337,71.9,33,335,144,312,0.17,0.83,-0.67,3,15,5,13,2026-01-28T18:41:45.954462
323,Wagner,-5.5,-8.2,-13.6,0.03,-0.05,284,341,66.7,310,321,292,322,0.21,0.57,-0.36,3,8,3,12,2026-01-28T18:41:45.954462
324,NJIT,-9.0,-4.8,-13.8,-0.05,-0.05,333,281,69.7,151,323,157,336,0.35,0.95,-0.60,7,19,8,12,2026-01-28T18:41:45.954462
325,Louisiana,-10.6,-3.4,-14.0,-0.05,-0.05,346,246,65.0,362,324,170,311,0.14,0.57,-0.43,3,12,5,16,2026-01-28T18:41:45.954462
326,Manhattan,-3.9,-10.2,-14.1,0.03,0.03,256,354,69.7,149,325,73,288,0.19,0.43,-0.24,4,9,7,14,2026-01-28T18:41:45.954462
327,Holy Cross,-7.8,-6.4,-14.2,0.03,0.03,321,303,67.2,295,326,117,328,0.05,0.79,-0.74,1,15,6,13,2026-01-28T18:41:45.954462
328,Stetson,-6.3,-8.0,-14.3,-0.05,0.03,302,339,69.2,177,327,27,324,0.26,0.63,-0.37,5,12,5,14,2026-01-28T18:41:45.954462
329,Northern Arizona,-5.6,-8.8,-14.4,0.03,0.03,286,344,66.4,319,328,172,308,0.17,0.50,-0.33,3,9,4,14,2026-01-28T18:41:45.954462
330,Army,-3.6,-11.0,-14.6,-0.05,-0.05,252,356,67.9,252,329,355,313,0.16,0.58,-0.42,3,11,6,13,2026-01-28T18:41:45.954462
331,Maryland Eastern Shore,-11.6,-3.1,-14.6,-0.05,0.03,353,239,65.8,350,330,76,339,0.37,0.84,-0.47,7,16,6,13,2026-01-28T18:41:45.954462
332,West Georgia,-6.7,-8.0,-14.6,0.03,0.03,307,338,70.1,116,332,180,281,0.50,0.94,-0.44,9,17,8,10,2026-01-28T18:41:45.954462
333,Cleveland St.,-2.1,-12.5,-14.6,0.03,0.03,212,361,70.2,114,331,273,305,0.33,1.11,-0.78,6,20,4,14,2026-01-28T18:41:45.954462
334,Prairie View A&M,-8.5,-6.4,-14.9,0.03,-0.05,327,304,73.7,8,333,307,317,0.13,0.56,-0.44,2,9,4,12,2026-01-28T18:41:45.954462
335,Stonehill,-12.5,-2.4,-15.0,0.03,-0.05,357,226,67.7,271,334,316,325,0.17,0.72,-0.56,3,13,5,14,2026-01-28T18:41:45.954462
336,North Carolina Central,-6.3,-9.1,-15.3,-0.05,-0.05,299,346,68.1,242,336,184,330,0.40,1.33,-0.93,6,20,3,12,2026-01-28T18:41:45.954462
337,Tennessee Tech,-8.5,-7.0,-15.5,-0.05,0.03,328,318,69.5,159,337,346,334,0.33,0.83,-0.50,6,15,4,14,2026-01-28T18:41:45.954462
338,North Alabama,-6.0,-9.5,-15.5,0.03,-0.05,295,350,67.6,276,338,345,275,0.31,0.81,-0.50,5,13,4,12,2026-01-28T18:41:45.954462
339,Fairleigh Dickinson,-8.1,-7.5,-15.6,0.03,-0.05,323,328,68.2,241,339,280,327,0.33,0.83,-0.50,6,15,4,14,2026-01-28T18:41:45.954462
340,New Haven,-12.8,-2.9,-15.8,-0.05,0.03,360,235,65.9,343,340,278,346,0.24,0.82,-0.59,4,14,6,11,2026-01-28T18:41:45.954462
341,Niagara,-9.0,-7.1,-16.1,-0.05,0.03,334,322,64.6,365,341,123,343,0.53,0.89,-0.37,10,17,4,15,2026-01-28T18:41:45.954462
342,Canisius,-11.3,-5.0,-16.3,-0.05,-0.05,350,286,66.0,335,342,114,338,0.25,0.80,-0.55,5,16,7,13,2026-01-28T18:41:45.954462
343,Alcorn St.,-8.9,-7.8,-16.7,-0.05,-0.05,332,334,70.2,113,343,70,347,0.26,1.16,-0.89,5,22,3,16,2026-01-28T18:41:45.954462
344,North Florida,-0.2,-16.6,-16.8,0.03,-0.05,168,365,71.9,36,344,153,332,0.16,1.16,-1.00,3,22,3,16,2026-01-28T18:41:45.954462
345,Maine,-15.5,-1.3,-16.8,0.03,-0.05,364,199,66.1,334,345,329,345,0.24,0.71,-0.48,5,15,4,17,2026-01-28T18:41:45.954462
346,Oral Roberts,-9.5,-7.6,-17.2,0.03,0.03,339,331,68.9,189,346,342,316,0.26,0.63,-0.37,5,12,2,17,2026-01-28T18:41:45.954462
347,The Citadel,-7.2,-10.2,-17.4,-0.05,0.03,316,353,65.9,342,347,185,341,0.28,0.94,-0.67,5,17,3,15,2026-01-28T18:41:45.954462
348,IU Indy,-5.5,-12.2,-17.6,0.03,0.03,282,359,74.8,2,348,331,342,0.20,0.85,-0.65,4,17,4,16,2026-01-28T18:41:45.954462
349,Bryant,-12.6,-5.3,-17.8,0.03,0.03,358,290,66.7,312,349,16,331,0.22,0.61,-0.39,4,11,4,14,2026-01-28T18:41:45.954462
350,Air Force,-12.4,-5.5,-17.9,-0.05,0.03,356,296,66.7,309,353,274,348,0.20,0.80,-0.60,4,16,3,17,2026-01-28T18:41:45.954462
351,UTSA,-10.2,-8.4,-18.6,0.03,0.03,344,342,70.0,123,350,323,365,0.28,0.83,-0.56,5,15,2,16,2026-01-28T18:41:45.954462
352,VMI,-8.3,-10.3,-18.6,0.03,0.03,326,355,68.5,214,357,110,321,0.17,1.00,-0.83,3,18,3,15,2026-01-28T18:41:45.954462
353,Rider,-11.0,-7.8,-18.8,0.03,-0.05,348,333,67.0,302,351,311,335,0.22,0.67,-0.44,4,12,1,17,2026-01-28T18:41:45.954462
354,Saint Francis,-10.1,-8.8,-18.8,-0.05,0.03,342,343,70.7,84,352,133,349,0.17,0.94,-0.78,3,17,4,14,2026-01-28T18:41:45.954462
355,Morgan St.,-9.8,-9.2,-19.0,-0.05,0.03,341,347,71.5,48,354,32,353,0.11,0.61,-0.50,2,11,5,13,2026-01-28T18:41:45.954462
356,South Carolina St.,-11.0,-8.1,-19.1,-0.05,-0.05,349,340,70.7,89,355,28,354,0.21,1.05,-0.84,4,20,3,16,2026-01-28T18:41:45.954462
357,Kansas City,-11.7,-7.5,-19.2,0.03,-0.05,354,327,70.1,120,356,271,340,0.17,1.00,-0.83,3,18,1,17,2026-01-28T18:41:45.954462
358,Delaware St.,-15.4,-3.9,-19.3,0.03,0.03,363,260,68.6,208,358,59,351,0.13,1.00,-0.88,2,16,2,14,2026-01-28T18:41:45.954462
359,Western Illinois,-12.8,-7.5,-20.3,0.03,-0.05,359,326,67.8,258,359,286,355,0.11,0.44,-0.33,2,8,1,17,2026-01-28T18:41:45.954462
360,Chicago St.,-10.6,-10.2,-20.8,0.03,0.03,347,352,68.4,225,360,231,344,0.15,0.95,-0.80,3,19,1,19,2026-01-28T18:41:45.954462
361,Binghamton,-11.5,-9.6,-21.2,0.03,0.03,352,351,67.5,280,361,244,352,0.26,0.79,-0.53,5,15,1,18,2026-01-28T18:41:45.954462
362,Louisiana Monroe,-10.6,-11.0,-21.6,0.03,0.03,345,357,71.5,46,362,189,350,0.37,1.05,-0.68,7,20,1,18,2026-01-28T18:41:45.954462
363,Coppin St.,-14.7,-12.4,-27.1,-0.05,-0.05,362,360,70.7,80,363,145,357,0.10,1.29,-1.19,2,27,2,19,2026-01-28T18:41:45.954462
364,Gardner Webb,-13.9,-13.2,-27.1,0.03,-0.05,361,363,71.7,39,364,118,356,0.16,1.32,-1.16,3,25,1,18,2026-01-28T18:41:45.954462
365,Mississippi Valley St.,-18.9,-11.7,-30.6,0.03,-0.05,365,358,68.7,200,365,152,358,0.16,1.00,-0.84,3,19,0,19,2026-01-28T18:41:45.954462
